FRET efficiency similarity,Colocalization similarity,A_Extent similarity,T_SumAverage similarity,A_Eccentricity similarity
0.15396438539028168,0.3573934,0.73125,91.92813607,0.7321439751741468
0.08899529278278351,0.96185726,0.7542147293700089,94.6388898,0.5029134461067659
0.11167621612548828,0.91835976,0.7823228634039445,92.78053105,0.1788343977880018
0.08932391554117203,0.8886702,0.7669642857142858,87.77080933,0.5361713395960047
0.08160623908042908,0.7822684,0.7708994708994709,109.0832782,0.3946492264212165
,0.63324773,0.7778801843317973,112.9477821,0.5055293981774185
,0.7823503,0.7964705882352942,116.4955605,0.43199592319858743
0.11176781356334686,0.817065,0.7716836734693877,121.6933123,0.2595975174594273
0.12398490309715271,0.6274024,0.7777777777777778,115.3623205,0.5924043891913279
0.11255232244729996,0.7694354,0.7731481481481481,124.3011358,0.5514891186184747
,0.7964572,0.7449757449757449,115.5537867,0.34462725960870844
,0.8036251,0.7263814616755794,115.8379662,0.30077718332742925
0.08612661063671112,0.9287257,0.774750830564784,116.5335882,0.6600402054331006
0.09758558124303818,0.9277243,0.769656699889258,117.4336489,0.5990397094088137
0.10491670668125153,0.8147352,0.7444444444444445,128.0376817,0.44439425399122007
0.13897669315338135,0.28408504,0.7805250305250305,141.7835373,0.6482521887891791
0.127554252743721,0.5225668,0.7328798185941043,140.7701452,0.5345651736337932
0.1235523521900177,0.6331806,0.7526881720430108,146.1626316,0.5431688504225214
0.12547524273395538,0.7929295,0.764299182903834,140.9047597,0.5155438186086782
0.13876450061798096,0.7114293,0.7717003567181926,152.1906156,0.4495013785869321
0.14269424974918365,0.1493007,0.6756756756756757,144.6403435,0.39148483473082146
,0.8833643,0.6835799859055673,105.5215704,0.7248982397957558
,0.78961164,0.7387084733109369,102.6002645,0.6821679176710719
0.10381820052862167,0.7778214,0.5723880597014925,93.76309227,0.8909946671812617
0.14779220521450043,0.69937015,0.7082612456747405,95.00758706,0.2011542495885925
0.13875557482242584,0.839944,0.724,98.02722307,0.4097893189343807
0.16664212942123413,0.8592137,0.7646195253241986,95.0550085,0.46644310756308016
0.12684763967990875,0.7434849,0.767512077294686,100.1074578,0.7078468163481167
0.14750836789608002,0.48930532,0.772093023255814,108.6124101,0.4545192941295833
0.1458427459001541,0.9048989,0.7862644415917843,105.9397927,0.3951931641443975
0.13004624843597412,0.91490746,0.8,120.6722999,0.4295746900794758
0.0994342565536499,0.84125453,0.770189701897019,106.0387003,0.5714478793084586
,0.9035138,0.7785326086956522,117.784901,0.7332261313102273
0.1491054743528366,0.87791646,0.7864661654135339,125.7356947,0.37489428508415135
,0.8081093,0.7418831168831169,129.7605884,0.42991047061014825
0.13732656836509705,0.7141107,0.7287946428571429,125.0842707,0.6270657320321567
0.11743839085102081,0.8582296,0.7911111111111111,126.3989849,0.32054635534155773
0.08812733739614487,0.7994522,0.7548872180451128,125.8866768,0.45226576240576116
0.13271674513816833,0.819339,0.6651868294487606,126.6281589,0.7764886960704419
,0.8108671,0.7653846153846153,136.7442152,0.43445338555598834
0.0831797868013382,0.34877843,0.7527027027027027,142.8520946,0.3758191858006275
,0.9163488,0.7352795645719941,138.84369,0.7526834346525878
0.07821643352508545,0.7508422,0.7489564698867024,137.8068727,0.46969299815994875
0.07599474489688873,0.75212115,0.6996865203761755,139.1083069,0.6603886657559788
0.07892441004514694,0.7974057,0.7984962406015037,142.6660164,0.4694521709252033
0.07500824332237244,0.91273177,0.7854122621564482,135.8146521,0.4841657544265836
0.13125339150428772,0.5444133,0.7080610021786492,112.7953688,0.7739147284139428
0.12978331744670868,0.5465956,0.7004437869822485,114.8971639,0.7043816114855813
0.14729714393615723,0.78910255,0.7677777777777778,113.1753554,0.5293439722682348
,0.8300891,0.7612903225806451,108.7956407,0.5803068828695666
0.16374067962169647,0.8843988,0.7357142857142858,110.3527172,0.31686473643725843
0.13668958842754364,0.6957139,0.8217317487266553,104.7356876,0.5876400768658389
0.14518576860427856,0.8521284,0.7575757575757576,131.8598941,0.35119074378381726
0.1662043035030365,0.83524764,0.6932400932400933,110.8624935,0.8886063856034985
0.13672581315040588,0.70076674,0.7867036011080333,133.5528689,0.21249258822737357
0.11733254790306091,0.799624,0.7565298507462687,129.0139276,0.7436861789677719
0.13460436463356018,0.71065253,0.7613711272247857,139.2584021,0.5883379946463624
0.13831745088100433,0.82521015,0.725752508361204,135.2150139,0.5104670542273589
0.10151218622922897,0.8375795,0.7561702127659574,88.36644155,0.5708362550480807
,0.7425325,0.7603890362511052,91.87330317,0.639774599656736
0.11411582678556442,0.49219763,0.746875,88.89450718,0.30604325281059086
0.12658244371414185,0.50780606,0.7575757575757576,95.0692933,0.5093440268013918
0.1522744596004486,0.92125595,0.7441130298273155,89.97080763,0.5612416931928857
0.09050802886486053,0.8060951,0.754813863928113,92.97380289,0.639713198796174
0.09873910248279572,0.857872,0.7481024667931688,94.08017794,0.6567721258035427
0.08527916669845581,0.7238821,0.7309027777777778,89.13833237,0.4780237975615955
0.1331169605255127,0.95568794,0.7948717948717948,94.67081314,0.4381574859239057
,0.5582787,0.6621621621621622,91.47336635,0.7514041335659045
,0.9386266,0.8381410256410257,125.3973034,0.5482802760367504
0.10378128290176392,0.8607949,0.7911111111111111,125.5849738,0.42121502969438646
0.08170094341039658,0.74873114,0.7655007949125596,127.2531118,0.47594825492779663
0.08669441193342209,0.88742495,0.7644183773216031,128.7218464,0.4131612306061994
0.08889973163604736,0.87516165,0.7887624466571835,132.1687829,0.41596023743596255
0.09049778431653976,0.8394061,0.7711038961038961,129.761311,0.5016993180666547
0.1218097060918808,0.3538216,0.7695652173913043,119.5102242,0.4455902078345444
0.10591010749340057,0.7437993,0.7623931623931623,122.3256775,0.23454098611654373
,0.82409894,0.778642936596218,130.8588701,0.3818592285430796
0.12657389044761658,0.84057987,0.66953125,116.8671304,0.6090710645476456
0.1121009886264801,0.90402365,0.7282688093498905,123.2641869,0.5979658407482753
0.11982260644435883,0.70409894,0.8280780780780781,123.9469795,0.34619745430073434
0.16453297436237335,0.37562957,0.8076923076923077,115.2837214,0.4014829542343734
0.1387874037027359,0.8714043,0.758873929008568,112.4709255,0.4546238970776749
0.1375221163034439,0.75092614,0.7927927927927928,114.5485814,0.43878014342275234
0.16456270217895508,0.40325102,0.8167388167388168,110.5772931,0.7587154375238692
0.13861258327960968,0.937744,0.7608024691358025,117.364043,0.3272246591632273
0.15662848949432373,0.9445763,0.7916666666666666,118.9962505,0.42121592603960467
0.13520433008670807,0.7517053,0.7389006342494715,110.1957207,0.5569975525610984
0.10775665938854218,0.353275,0.7037037037037037,112.3644128,0.5166014922247405
0.09898707270622253,0.8753058,0.7585565476190477,97.38658281,0.5150215788070476
,0.75966483,0.6878048780487804,99.58672317,0.7479107025701159
,0.7719995,0.7528344671201814,104.9748912,0.5641914669585584
,0.89377856,0.7815217391304348,102.2107336,0.4755537574453496
0.156071737408638,0.5319934,0.7936507936507936,95.58825402,0.30289453320880333
0.1672932356595993,0.7905115,0.8010204081632653,96.70324374,0.594303805437671
0.14872419834136963,0.8387884,0.5519900497512438,112.5667024,0.7680729712306194
0.16127073764801025,0.87370425,0.7842881944444444,95.81732779,0.4746696849281937
0.13860361278057098,0.8161861,0.724290780141844,101.9794756,0.7737041114766577
0.12536291778087616,0.8121782,0.7601168126825198,94.69077173,0.5251752430977711
,0.8333273,0.7862644415917843,132.1807497,0.32877444946780005
0.06935330480337143,0.30010328,0.7888157894736842,131.7806033,0.299655868768583
0.191679447889328,0.90268135,0.7171590194846009,129.9173744,0.5050993991618201
0.08561183512210846,0.4790433,0.7736111111111111,141.7723934,0.5964312520732377
0.06100849062204361,0.74324316,0.7910714285714285,130.7616609,0.34211238300059355
0.049459487199783325,0.74882454,0.6893617021276596,127.4262517,0.5047150588819814
0.05472037196159363,0.7119289,0.7792874396135265,144.2860183,0.7505304212722413
0.07715053111314774,0.9000143,0.7491830065359477,132.2347157,0.42767053506460334
0.06405645608901978,0.8774178,0.7464646464646465,142.7466096,0.6066297264676198
0.05581468716263771,0.88229424,0.7908163265306123,126.174738,0.5658798132188201
0.04350648075342178,0.86881864,0.7733990147783252,131.994049,0.5275728880369248
0.058692481368780136,0.8366587,0.7104642014162077,137.9115713,0.6736446260568525
0.09999275952577591,0.6387563,0.7109190887666929,134.149909,0.6019807223757812
,0.95020425,0.7807807807807807,142.9902642,0.6891667204830182
0.06351205706596375,0.71931785,0.7424812030075187,135.4725345,0.5564437604656134
0.1014687642455101,0.5402477,0.7659854976928148,133.6118931,0.43004835392709095
0.1199464276432991,0.7244143,0.7933333333333333,129.250226,0.45966793690447727
0.05946200340986252,0.953444,0.759545923632611,132.7116783,0.6988796643868035
,0.85883844,0.7126984126984127,99.49321034,0.6538059390509686
0.09213221073150635,0.2401991,0.6871455576559546,101.4295839,0.3954722892970577
0.09850964695215225,-0.2605139,0.7700348432055749,105.256171,0.5616521796139894
0.06674961745738983,0.7477654,0.703125,92.28808542,0.7301308695128614
0.08823216706514359,0.89240134,0.7635467980295566,109.5549824,0.5235351401909488
0.082203708589077,0.92338395,0.7802083333333333,100.4972442,0.4435931082373065
0.08900689333677292,0.8060839,0.7253384912959381,99.53292141,0.47386312350083826
0.0855497419834137,0.91248554,0.7776809067131648,129.5299122,0.6108330505085653
0.10715331882238388,0.951033,0.8087291399229781,132.0193281,0.3883086114074937
0.05569015070796013,0.66471624,0.7103174603174603,134.2071844,0.6528486923536588
,0.9665859,0.7406015037593985,137.1860418,0.7149318446220819
0.07822052389383316,0.80850714,0.7944688874921433,144.1798102,0.5100757735971486
0.09193810075521469,-0.087395266,0.7724486116119726,132.8800543,0.6236446086951671
0.06383220851421356,0.7144151,0.7785285285285285,130.2752965,0.27923821973740376
0.07480625063180923,0.9245975,0.7517241379310344,139.5040025,0.5572764338931969
0.06433305144309998,0.96158355,0.75973832887303,120.9262515,0.5376792768356184
,0.9324869,0.7808510638297872,131.6192673,0.5708277097016162
0.04822377860546112,0.617722,0.746606334841629,136.395524,0.6521399215788162
0.07218852639198303,0.4987919,0.7733333333333333,123.1001231,0.48069275200531925
0.08487910777330399,0.7228881,0.7447368421052631,130.8565366,0.41581528890319336
0.07584946602582932,0.65381527,0.762962962962963,134.2610395,0.6328139559910139
0.058635178953409195,0.8144802,0.7777777777777778,119.9922463,0.13796724505166896
,0.83914775,0.6918767507002801,125.2691469,0.7614170795598477
,0.93460244,0.7919753086419753,132.1202944,0.6435544174435325
,0.9226484,0.7289992695398101,136.3115644,0.20213793510615363
,0.9052959,0.7466329966329966,120.310565,0.5382960822455828
0.04392648860812187,0.65380013,0.7879256965944272,121.054692,0.4142306237925944
0.041919950395822525,0.72606015,0.7307142857142858,120.9067385,0.7075056912220611
0.06976354122161865,0.44953528,0.7247619047619047,143.8736083,0.5797161115131604
0.10045848786830902,0.8888619,0.7461538461538462,147.9879887,0.3995774861174813
,0.88770694,0.763840830449827,154.2557493,0.16710085325264973
,0.81822383,0.7175925925925926,161.2336567,0.54978793170127
0.0981714278459549,0.57693774,0.7726923076923077,76.50354847,0.5133065040761855
0.11238685995340347,0.63825786,0.7088122605363985,76.88757341,0.6710510851371124
0.10812432318925858,0.8949371,0.7865557865557865,81.48178526,0.3738446999330817
0.125913605093956,0.8805037,0.7941810344827587,85.05597491,0.5585259408080667
0.11902741342782974,0.71524715,0.7352415026833632,75.19350679,0.6732146811207133
0.10360200703144073,0.49842477,0.7154882154882155,74.94573715,0.6564560108508395
,0.93232405,0.791992188,75.21449226,0.2557088416891569
0.0605878047645092,0.91240734,0.8222222222222222,128.8281726,0.5595375642218016
0.06567621231079102,0.80263144,0.6547368421052632,130.8839786,0.7285777081189496
0.083390973508358,0.71396375,0.7327659574468085,120.0931562,0.6746781520504747
0.06773804128170013,0.9497148,0.6941860465116279,113.6312926,0.3927620611780344
0.05832023546099663,0.9245031,0.729420731707317,120.4815626,0.692057057553795
0.084514319896698,0.63279057,0.7668997668997669,124.2151876,0.4592623544449656
,0.69857395,0.7085068411659726,122.6788335,0.31310101089435977
0.20587128400802612,0.20416047,0.7892307692307692,98.12728358,0.4974318462957266
0.07132293283939362,0.6907781,0.7631944444444444,99.53474435,0.5590562491174438
0.06522436439990997,0.6247345,0.7591397849462366,111.9298499,0.5246393340519807
,0.9173142,0.7478298611111112,107.1391002,0.5812882625380598
0.08570007979869843,0.41850734,0.7378378378378379,103.0675044,0.5305833402968753
,0.9324069,0.7455072463768115,101.3854169,0.7074884420219784
0.07548798620700836,0.9245704,0.7597069597069597,96.61924134,0.4849651844871013
0.1596810668706894,0.52850974,0.7716049382716049,141.33197,0.4620814170075314
0.0767611637711525,0.9160847,0.766023166023166,134.1299613,0.5738571374020704
,0.8136692,0.792,141.7135059,0.5125957911003763
,0.70146984,0.7967032967032966,151.0146587,0.4702501247176218
0.07105523347854614,0.8999239,0.7955555555555556,137.0077754,0.3092065047168653
0.0923631489276886,0.21739972,0.7025462962962963,136.2337444,0.7184121859107745
0.11655440926551819,0.801384,0.8020512820512821,142.4487729,0.7580926016177347
0.048831354826688766,0.42852676,0.7735042735042735,143.7250534,0.42806297812571215
0.07319928705692291,0.45207456,0.676954732510288,136.0322491,0.46847799524693257
0.06459302455186844,0.8538468,0.8277027027027027,139.1827903,0.40941536240954257
0.06303254514932632,0.5265949,0.7341961174713788,137.4980975,0.6252377099183041
0.07526148110628128,0.90669334,0.6976007243096424,135.4982152,0.69812864062055
0.05889223515987396,0.66070324,0.7532976827094474,157.2574318,0.4033713829431468
0.09071484953165054,0.44805118,0.7679045092838196,158.2703358,0.637800217882444
0.058698493987321854,0.6752631,0.7922051282051282,150.1012722,0.6424908653133184
0.07051137089729309,0.78039443,0.77375,155.8581214,0.34550695412524657
0.07482051104307175,0.644772,0.7038777908343126,122.2602385,0.6731275412251619
0.09660553932189941,0.43713048,0.7496296296296296,124.155996,0.6171261484998062
0.07303790003061295,0.4230813,0.7826388888888889,128.8476502,0.5699419499730917
,0.97957444,0.7386473429951691,123.7020372,0.272568867657778
0.04877493903040886,0.73151225,0.6484472049689441,124.8962108,0.8095931161090391
,0.8927647,0.7401285583103765,128.1614365,0.26744436993846543
0.04977070912718773,0.8697876,0.8108465608465608,122.4944093,0.42611374707699806
0.08115489035844803,0.7162596,0.7488425925925926,121.8904516,0.6984831868494307
0.061959702521562576,0.90884984,0.7528735632183908,123.1880744,0.44367768590386986
0.09474185109138489,0.9395965,0.7637867647058824,119.915656,0.6097142404366991
0.09239548444747925,0.8219501,0.6906666666666667,128.8120943,0.7268730755159327
0.10138191282749176,0.7899267,0.7759538598047915,124.70675,0.3518512678214283
0.1095450222492218,0.8836037,0.717391304347826,123.221835,0.7411203875911563
0.10081247240304947,0.69784415,0.7814712219144352,129.2596185,0.42666852820566153
,0.8869418,0.7711249789171867,125.8431261,0.22406631151575318
0.08496570587158203,0.70637006,0.7002567394094994,140.7971611,0.7250161328502152
0.0747014656662941,0.7156552,0.7810550198525241,133.7566028,0.4066909326880583
0.0790032148361206,0.7003292,0.7014042867701404,143.4171316,0.782342808982533
0.11178181320428848,0.009799471,0.7074652777777778,151.5140782,0.55500294002507
0.11962517350912094,0.18828905,0.7467105263157895,154.4839735,0.2853364550672829
0.07629882544279099,0.52866304,0.6638157894736842,136.49527,0.4147125555372482
0.08125241100788116,0.90951484,0.7156019656019657,142.6085412,0.6265038332516648
0.09708666056394577,0.83487415,0.7749658002735978,160.9102712,0.6294346494688958
0.09325014054775238,0.2767895,0.7530246141009596,118.5995944,0.4018217689537431
0.08836917579174042,0.6240321,0.7443581206067332,115.0897095,0.7098852554226743
0.13371595740318298,0.89843875,0.7838345864661654,118.6627191,0.5840585548750291
0.1098657175898552,0.57252467,0.7735714285714286,116.9250166,0.4952403170296814
0.08943863958120346,0.8493266,0.7678855325914149,115.548214,0.4341243605390212
0.10441724956035614,0.68291235,0.7736928104575164,120.4086883,0.4052066586415596
0.09677890688180923,0.5895727,0.7569252077562327,114.8752837,0.3766008982640129
0.10047879815101624,0.8588581,0.736764705882353,110.9374546,0.6261868790215785
,0.6272313,0.6514778325123153,117.2467024,0.6137123812918537
0.14557825028896332,0.42693955,0.7800480769230769,117.829813,0.6075041759622384
0.0787220150232315,0.46216846,0.7795454545454545,125.4272847,0.5548811842463935
,0.8826004,0.7666666666666667,124.0826949,0.4057864174395902
0.11561240255832672,0.72954893,0.8058712121212122,124.6259155,0.2962715059836635
0.10999941825866699,0.8299715,0.75625,126.5048229,0.6956575601799667
0.08485396206378937,0.6381507,0.7288043478260869,126.7151877,0.4923349016402287
0.09850340336561203,0.85806644,0.7704761904761904,139.0060316,0.6231962336586117
0.1179691031575203,0.042840973,0.7960526315789473,135.5045451,0.5724439597046416
0.09688619524240494,0.7227788,0.7286956521739131,130.8644957,0.6896512099612054
0.09999433159828186,0.7784595,0.7423469387755102,128.9254095,0.6573176774621541
,0.70208514,0.7908961593172119,136.3662584,0.4596102345100973
0.1094144880771637,0.6089846,0.78,140.0507943,0.2383998454505222
0.09800971299409866,0.92835593,0.7590425531914894,117.2269174,0.5272286577129619
0.10172800719738007,0.9149681,0.7754988913525499,122.021211,0.3497249674503471
0.11383386701345444,0.5807591,0.7516908212560387,123.074137,0.5519799087019581
0.08788302540779114,0.81067926,0.7544466403162056,122.4499587,0.3506155132585725
0.11358912289142609,0.8533478,0.7894736842105263,126.0595833,0.3038613977778553
,0.88268846,0.7302564102564103,126.9356776,0.6875425162557328
0.09696279466152191,0.87964284,0.7320885801128962,116.7219787,0.35944892461145606
0.1734897345304489,0.87421596,0.7931034482758621,124.2085568,0.568146323613149
0.08934818208217621,0.7991159,0.7107930828861061,117.5972335,0.616335432023513
0.16933967173099518,0.7483578,0.6924012158054711,92.18675604,0.6482701025382047
0.136613667011261,0.6315527,0.7567901234567901,99.58993118,0.47051626286752996
0.1275685727596283,0.62453276,0.7215836526181354,95.48455016,0.6947976948762593
0.17115263640880585,0.5710627,0.8014285714285714,98.96569503,0.431871241403701
0.12822963297367096,0.5875976,0.6519607843137255,98.65875516,0.7057411386708903
0.11994729191064835,0.88019276,0.7922077922077922,103.3428134,0.3126390058160594
0.12340187281370163,0.8385692,0.7557624113475178,99.92475338,0.5942881100274987
0.15863481163978577,0.8792222,0.7352272727272727,91.22260228,0.6110335992946289
0.1311766356229782,0.26074916,0.7507763975155279,99.36135731,0.5782511701066215
0.12580803036689758,0.8658202,0.7709677419354839,98.36420271,0.35371753868874967
0.12206057459115982,-0.003365949,0.7373737373737373,98.92713627,0.7611109908666633
0.11942685395479202,0.67607003,0.7891666666666667,102.9605964,0.6838629079867613
0.09159677475690842,0.88070834,0.7385964912280701,95.16431393,0.4891662095059201
0.12742477655410767,0.9362545,0.7886029411764706,93.57293726,0.33251680404599554
0.10656403005123138,0.611606,0.7781954887218046,98.52497535,0.4483487508429114
0.08284701406955719,0.8027224,0.7558497536945813,95.2768366,0.526274178620797
0.10252580046653748,0.26708168,0.7646616541353384,100.9226583,0.397873528782096
0.08177926391363144,0.7082751,0.7288043478260869,90.44498931,0.7468378907001876
0.09103944897651672,0.6515542,0.774390243902439,97.6234743,0.5144616343353369
0.07721199840307236,0.8179335,0.7388972323535722,100.3507765,0.6808109549112032
0.09242178499698639,0.81238174,0.6575,99.04089069,0.7162162381910311
0.0355796255171299,0.17966357,0.7502131287297528,92.60015994,0.8962483055034587
0.0987473800778389,0.66478693,0.6326599326599327,110.4493813,0.8382123002455569
0.10677368938922882,0.62514865,0.7428104575163399,109.6174316,0.5540359165905338
0.09486504644155502,0.24663594,0.7228163992869875,113.6666797,0.6092424136489607
0.10113012790679932,0.915393,0.7621428571428571,117.1169308,0.47532682786968417
,0.8286215,0.763095238095238,112.9807416,0.576902419173182
0.13761985301971436,0.8676027,0.7958333333333333,110.400302,0.4690491534092721
0.10750456899404526,0.88127726,0.7610447346485135,112.6520169,0.4757815695793259
0.07280635833740234,0.55168796,0.7529761904761905,112.1354257,0.48017720273962333
0.08714427798986435,0.39197555,0.7664141414141414,115.545615,0.6901129363269031
0.07014783471822739,0.7581141,0.7145979020979021,106.5763041,0.6488621596471834
,0.43192905,0.7727272727272727,114.3369001,0.6959470388180328
,0.8793947,0.7583947583947583,111.0198622,0.6044193905785192
0.10813843458890915,0.48486662,0.793952967525196,122.6364697,0.6487503044307487
0.10561267286539078,0.32775104,0.6662337662337663,129.5836517,0.6619857554275614
0.07318901270627975,0.79314005,0.7093023255813954,112.1844936,0.49625611856456536
0.10980889201164246,0.20304509,0.7174031642116748,131.1203433,0.6565913763654474
0.10226055234670639,0.29144755,0.7905982905982906,129.5625232,0.5520121970694547
0.06609907746315002,0.7717489,0.764327485380117,122.2189245,0.592275705925734
0.074732206761837,0.8315747,0.7392857142857143,134.5559005,0.4360242036216638
,0.90060186,0.7816949152542373,117.2635044,0.5288634299286944
0.12437457591295242,0.9634935,0.607399577167019,131.2710366,0.8789173854924917
0.10383488982915878,0.7757174,0.6799102132435466,122.0374993,0.7663924302906396
0.0870966836810112,0.5047033,0.7505050505050505,121.4008806,0.49145577392316864
0.08371468633413315,0.13664196,0.7840579710144927,124.6429851,0.4842085702652356
0.08368934690952301,0.24368827,0.7753267973856209,129.896763,0.42096246311362917
0.0940016657114029,0.41090083,0.7601078167115903,127.4720743,0.6005179527187502
0.08159390836954117,0.102138355,0.7971631205673759,115.9983835,0.6562009558231603
0.12056361138820648,-0.078617305,0.7462462462462462,120.5227325,0.7414444289946429
0.09006350487470627,0.59029555,0.7759353741496599,119.1985786,0.2682260832890053
0.10858134180307388,-0.31255236,0.7367864693446089,125.5371902,0.6037724522341682
0.08490145206451416,0.5956963,0.5387174833635814,129.7554807,0.9053382465505123
0.07483722269535065,0.60135615,0.7039532794249775,133.6710328,0.784282807307543
0.1450473815202713,0.80769825,0.7932940309506263,120.2543633,0.636424685052555
0.08573945611715317,0.79330355,0.7536157024793388,138.7781055,0.6717007291601829
0.0926276370882988,0.0442663,0.7527173913043478,127.6657783,0.494002556260129
0.08333566784858704,0.6998569,0.7750582750582751,136.8684001,0.4880313472134767
0.11351004242897034,0.72541517,0.7216931216931217,128.35613,0.42879954452500935
,0.89793,0.7320276497695852,99.35938541,0.6833324071723066
0.16527535021305084,0.8878913,0.7846981930026913,94.90428315,0.2551019224541488
0.09069360792636871,0.8199506,0.7828106852497096,100.5033913,0.2722622231377222
0.07903134822845459,0.81940055,0.7724137931034483,98.79172768,0.5478082522668378
0.1415654718875885,0.945575,0.790017825311943,96.26765143,0.420285420200426
0.0927741751074791,0.8501239,0.7981269510926119,93.06788257,0.3814115813872286
0.11597041040658951,0.951911,0.7501643655489809,114.8277175,0.49923937679640623
0.09211299568414688,0.7254697,0.6479591836734694,115.3858348,0.7548216114384521
0.10093522816896439,0.91675043,0.7680878552971576,113.6785107,0.6062779614996622
0.09932273626327515,0.41967607,0.7410256410256411,113.3473284,0.6949118014656385
0.09206368029117584,0.5263035,0.6962962962962963,110.0409012,0.6063177815596648
0.10709165781736374,0.11084427,0.791869918699187,111.8975659,0.5856014533831524
0.0984068438410759,0.4581672,0.745945945945946,108.2737903,0.6830681737854988
0.09731289744377136,0.8883606,0.7955555555555556,113.1822268,0.460820308458266
0.0930728018283844,0.6745723,0.7607655502392344,110.9050838,0.7074719340309793
,0.9303104,0.7586206896551724,103.4809577,0.49265834348585735
0.09847372770309448,0.818918,0.7372685185185185,106.4333102,0.6236321474275246
,0.94941115,0.75,104.4616392,0.682294069235611
0.1074768602848053,0.614464,0.7804054054054054,105.7871499,0.6219180014669808
0.08327266573905945,0.7993245,0.7592165898617511,109.6912471,0.5421987137291358
0.11656147241592407,0.79004323,0.778344671201814,102.0774495,0.4778549183510102
0.12328269332647324,0.64999926,0.7942857142857143,107.7057179,0.5212199005691966
0.0856097936630249,0.61658037,0.7889664340312396,104.1852698,0.5151524690610436
0.08135341852903366,0.25656995,0.7011337868480726,149.1407805,0.7333760104401663
0.07354331016540527,0.54100305,0.7625,147.8197752,0.7524675924653332
0.17898808419704437,0.77955264,0.7198863636363636,157.3176356,0.48321443075504866
0.08337710797786713,0.6843873,0.7881136950904393,154.5372095,0.504528321615689
0.09020616859197617,0.5670967,0.6385920804525456,162.0673892,0.644011243128553
0.09637023508548737,0.75068367,0.7586206896551724,176.4972241,0.4961323338345561
0.1408657729625702,0.9321948,0.7428337428337428,139.1419095,0.4509134380177964
0.10554414987564087,0.8647611,0.7529839128178516,145.0563483,0.5546676752403147
0.07851377874612808,0.57622856,0.7873263888888888,156.3275321,0.4609094749929356
0.11919854581356049,0.017745838,0.7745197168857432,125.966006,0.3083749997247443
0.10848447680473328,0.30544528,0.7488913525498891,132.0785912,0.4215184688245979
0.12238258123397827,0.93199867,0.7391941391941392,133.9188478,0.5271967771699403
0.10750292241573334,0.85492414,0.7355371900826446,132.7426191,0.12486025259751612
0.09612549841403961,0.5279461,0.6932746700188561,144.7802087,0.5475084470421636
0.07421287894248962,0.3679161,0.7692967409948542,131.8691451,0.6413880856126487
,0.87446254,0.7736111111111111,125.4426558,0.5438582200760639
,0.963205,0.7768505079825835,134.522689,0.47258313770734806
0.0928875207901001,0.80257845,0.7843915343915344,147.3002897,0.4275381389606311
0.07488314062356949,0.84538347,0.7828282828282829,147.9048926,0.42680371634450304
0.11520103365182877,0.6510856,0.7003590168461751,141.8707506,0.7282857553384406
0.2132161557674408,0.3220286,0.7489648033126294,80.31392873,0.5491625877704721
0.14530211687088013,-0.14618096,0.6920930232558139,77.62038526,0.7054172732019918
0.12217068672180176,0.43448916,0.8032150776053215,81.30700111,0.4239304513091861
0.15235558152198792,0.34473366,0.7199074074074074,81.48613652,0.5571051407068559
0.15125595033168793,-0.0782612,0.7341269841269841,85.95578636,0.6054735628010652
0.13322298228740692,0.8951772,0.799889135254989,89.58223796,0.38835268102323
0.1275385320186615,0.8132575,0.7788324632178453,80.68411375,0.47978710311314476
0.12762658298015594,0.85349965,0.8001730103806228,82.74119142,0.35704790553186955
0.1191004067659378,0.8728204,0.5979052823315119,80.33360289,0.8802567511541121
0.10145199298858643,0.8846928,0.7192982456140351,105.6915936,0.682869348196295
0.12396784871816635,0.91854936,0.7339302846178446,105.4215991,0.4545993911931197
0.09605278819799423,0.86561006,0.7400555041628122,107.080028,0.1978495214464605
0.13469792902469635,0.7335763,0.7919540229885057,113.9019505,0.34385914868127165
0.09498045593500137,0.73732126,0.7511792452830188,99.81020686,0.6502000687155839
0.10940346866846085,0.7697852,0.7820823244552058,103.0380042,0.7031371713337787
,0.9278126,0.8172043010752689,109.197035,0.5138747851273707
,0.9601725,0.7655172413793103,107.8268253,0.6115595032861908
0.10385067015886307,0.7644083,0.7691154422788605,115.4268681,0.5907474367604754
0.09475169330835342,0.692564,0.7835587929240374,118.9697202,0.28437097260541894
0.12893879413604736,0.96752137,0.6076151390788874,114.8135664,0.9091352538733489
0.11559484899044037,0.8036239,0.4912442396313364,105.8788435,0.9264544328822497
0.10657840967178345,0.46259147,0.7647058823529411,115.9026495,0.49869905220309024
0.10536366701126099,0.052654102,0.7780748663101604,116.8283377,0.37235846225128116
0.07471287995576859,0.7024785,0.775,109.5926579,0.42349115218075745
0.11878496408462524,0.8761838,0.74375,123.3184639,0.5851238271446989
0.09581893682479858,0.87888205,0.7473404255319149,111.7481841,0.28342504302419697
0.11765634268522263,0.5065305,0.760093896713615,116.7547809,0.6168724264222546
,0.65805244,0.775089605734767,115.5332028,0.650603656829794
0.08769189566373825,0.7692293,0.7829268292682927,75.81765951,0.49313318528345357
0.0974244549870491,0.7774512,0.7732558139534884,73.50078494,0.4061353437535355
0.1198437362909317,0.48800868,0.7185911401597677,76.00679668,0.26962914494443296
0.12302720546722412,0.9700017,0.7931623931623931,75.17075109,0.6310003515982137
0.12371618300676346,0.8998078,0.7763532763532763,82.73099883,0.3646435310504618
0.13283777236938477,0.8788437,0.7914951989026063,78.88549708,0.31188527450020503
0.1376190334558487,0.97294724,0.7917448405253283,78.60650354,0.29877780441500223
0.12235552817583084,0.4177736,0.7540849673202614,74.55267245,0.3542257739397881
0.1361890733242035,0.79633516,0.8073979591836735,76.98686826,0.42111098559384413
0.09411904960870743,0.8338038,0.780241935483871,83.4197715,0.31718841519256147
0.11846901476383209,0.9552773,0.7701612903225806,70.53436951,0.3449102366902864
0.13869404792785645,0.5559562,0.7751322751322751,78.1089025,0.5379797038145089
0.11234460771083832,0.59500396,0.7893217893217893,114.7088914,0.6749900465240916
0.09320490807294846,0.7271403,0.790948275862069,115.0220364,0.3890980204939941
0.11853724718093872,0.74255586,0.7327893931667516,114.7008825,0.7190353036520771
0.13020096719264984,0.9242524,0.651875,119.6731499,0.5940956102479604
0.11118876188993454,0.91021776,0.8172043010752689,120.7217088,0.5279475120687789
0.11189785599708557,0.68649924,0.8254716981132075,114.3150928,0.4209593722619238
0.1262090802192688,0.7419069,0.7697441601779755,107.3718301,0.4143840434083077
0.10690375417470932,0.5326092,0.7931235431235432,120.7795396,0.48164171197944394
0.16945073008537292,0.91354895,0.7448275862068966,115.6457274,0.48832902914647974
0.10354765504598618,0.58956844,0.7907268170426065,120.9110539,0.4176543738946353
,0.8953906,0.7258064516129032,120.2108121,0.5722667809492358
0.2561770975589752,0.7632355,0.7335069444444444,116.6272018,0.7123099540878327
0.1083274707198143,0.5625346,0.778642936596218,124.2805575,0.36887697196619174
0.1288774311542511,0.9007209,0.7551020408163265,112.2428279,0.6728035769031965
,0.95519876,0.7386363636363636,96.03768601,0.50127730319108
,0.9481812,0.7592112091333679,106.6170374,0.5211479785783623
,0.94135475,0.7870257037943696,104.8521321,0.486492386329702
,0.88493943,0.7474645030425964,111.3932875,0.5958100838189557
0.13565166294574738,0.85310805,0.7691729323308271,104.4189996,0.5351859205586299
0.1237276941537857,0.83488196,0.7401215805471124,129.7232932,0.5632139681003646
0.09127963334321976,0.76732755,0.783969728242174,140.0004576,0.6119320348538428
0.1000313013792038,0.83113027,0.7894736842105263,132.6956464,0.5097303695895837
0.11096547544002533,0.82411015,0.7970909090909091,75.22205545,0.42922992436731744
0.1108521968126297,0.91680026,0.7819940476190477,75.05392908,0.6502041175304497
0.12538859248161316,0.7234391,0.7964396284829721,82.59239255,0.4624451394208865
0.11283556371927261,0.38859004,0.7868589743589743,77.38025861,0.6261221707452886
0.11594988405704498,0.49315405,0.6979761286974572,80.20604004,0.614979933804418
,0.925682,0.7507716049382716,78.12597091,0.5065099287542498
0.09857991337776184,0.7942875,0.7593582887700535,82.02735142,0.38395973800868394
0.09096821397542953,0.57988405,0.7718023255813954,104.3843923,0.4920192050597037
0.09595205634832382,0.90850455,0.6097560975609756,103.8998512,0.7584367028232423
0.11158737540245056,0.5878776,0.7171052631578947,104.0044418,0.5454716087351398
0.1270277500152588,0.902775,0.7964527027027027,103.3196537,0.5123869848950539
0.11389004439115524,0.93960476,0.7480127186009539,102.2561928,0.5471127589008689
0.14449264109134674,0.83734477,0.7674603174603175,97.85846144,0.41572583625632503
0.0781019926071167,0.8461203,0.6886395511921458,103.3192414,0.8269736025385482
0.08400697261095047,0.952484,0.7915632754342432,110.9041913,0.5590453958047623
0.11935368925333023,0.2887013,0.7068965517241379,106.6779746,0.7406545941018631
0.11566325277090073,0.6746343,0.7790905836018618,108.5969168,0.5319831397364728
0.09242623299360275,0.4831267,0.804945054945055,114.2172109,0.5249425884237582
0.13978570699691772,0.48951992,0.7777777777777778,121.4127177,0.3173929167600028
0.11464445292949677,0.55679196,0.7704402515723271,109.9468351,0.6324336461435722
0.10265784710645676,0.545369,0.7800480769230769,114.6552373,0.5706131012088955
0.08056244999170303,0.45459524,0.7911458333333333,114.1316495,0.582996411047467
0.13866035640239716,0.6996594,0.7208163265306122,135.5775276,0.5853043823247474
,0.8274343,0.7719512195121951,134.3202585,0.2896754775615203
0.10913794487714767,0.68111086,0.7807017543859649,122.6468712,0.36851531552076994
0.08269540965557098,0.90965486,0.7857142857142857,148.5606032,0.4659383728599256
0.14715246856212616,0.7789973,0.7927927927927928,134.0093674,0.4086866116584593
0.22144365310668945,0.9149878,0.7640816326530612,134.4860433,0.31931793103953227
0.16641677916049957,0.70436186,0.7454268292682927,141.215555,0.6570710921190246
,0.8709016,0.7344789356984479,150.4618328,0.4926676613620661
0.15525038540363312,0.83400977,0.7653061224489796,156.5556192,0.6303821652976065
0.17626754939556122,0.23485842,0.8299039780521262,135.3500922,0.42859285701437977
0.16753725707530975,0.50296396,0.7671370967741935,137.3970351,0.4133244294615068
0.17822954058647156,0.58159506,0.7627551020408163,135.1631564,0.5497301611797625
0.08826915919780731,0.6860606,0.7146464646464646,129.5019054,0.7015956720544604
,0.8207811,0.8198581560283688,125.5938666,0.16754980855156323
,0.62135977,0.6715116279069767,129.5191957,0.6467850991739231
0.3384941518306732,0.84728056,0.7374677002583979,129.2152997,0.47814799320390144
0.11266987770795822,0.8600724,0.796875,131.7761347,0.2326664320539615
0.11211857199668884,0.925145,0.7890243902439025,124.314775,0.3268915729698054
0.10775477439165115,0.5714195,0.6925813008130082,127.0045415,0.5666820704710309
0.0949137881398201,0.85212314,0.7609797297297297,130.6370043,0.5145856026654837
0.18580925464630127,0.88824904,0.7572916666666667,86.0809996,0.3959629621357421
0.1801839917898178,0.9258925,0.7429467084639498,87.8024283,0.5618044866012032
0.08240776509046555,0.386459,0.7672413793103449,90.36261907,0.7120269126135541
0.0806199312210083,0.5210867,0.7660984848484849,88.59583898,0.5173275904066006
0.14174029231071472,0.9068013,0.790948275862069,91.77061686,0.5999773472450574
0.09856316447257996,-0.11922081,0.7730496453900709,87.25339324,0.2688631868527062
0.10572795569896698,0.6067254,0.7485768500948766,94.09054284,0.4841701494624191
0.11657115072011948,0.866949,0.7869147659063626,83.89093003,0.7426083838249273
0.1059855967760086,0.8679836,0.7620192307692307,83.92913367,0.6235145940391906
0.13913536071777344,0.85909057,0.7777777777777778,131.6477559,0.3253259429697474
0.10008721053600311,0.52390605,0.6952469711090401,137.7044651,0.6548872997872169
0.11230136454105377,0.7830158,0.6096491228070176,162.7597709,0.8183779784643221
0.09624111652374268,0.6849586,0.7825851811790157,172.2247231,0.10821641325969611
0.10671781748533249,0.72347164,0.7790332705586943,154.4905695,0.44126112843574256
0.09876708686351776,0.66589755,0.7152777777777778,91.48160617,0.6037890973926202
0.1145804226398468,0.6498888,0.7863894139886578,102.119873,0.20673105450712084
0.08606301993131638,0.86666363,0.7716275659824047,126.8484773,0.7363211858002428
0.08837912976741791,0.70728695,0.7746598639455783,136.3107967,0.26192103305344605
0.09707143902778625,0.8692274,0.7783882783882784,138.58721,0.7517371110692794
0.10612612217664719,0.5143827,0.7540494458653026,130.7178094,0.4365366731358885
0.0813782587647438,0.60402,0.7266899766899767,130.2233588,0.4583254652897929
0.10578231513500214,0.9543132,0.7706855791962175,138.8190096,0.5361031050887907
0.10301381349563599,0.62089705,0.7816537467700259,157.53027,0.6111417616820574
0.12037308514118195,0.9281742,0.7604166666666666,116.8745499,0.3680622910501562
0.12832210958003998,0.7115733,0.725925925925926,132.9632619,0.596155613601481
0.08597483485937119,0.505079,0.811491935483871,103.4676525,0.3932970072984076
0.10229376703500748,0.629197,0.7742484401588202,123.6767674,0.476920601851954
0.09004943817853928,0.48075196,0.7857954545454545,119.9679827,0.45796443300835005
0.0755077451467514,-0.08803035,0.809009009009009,108.0559738,0.5998926310778918
0.0849289521574974,0.90164834,0.7268244575936884,106.3649967,0.7740313677737504
0.08892355114221573,0.57320434,0.7785102175346078,105.048344,0.5242601742086302
,0.8399414,0.7311401020986954,102.7239263,0.3898744708122209
0.13175718486309052,0.5435915,0.6910511363636364,99.6223367,0.7849013517576302
0.14808550477027893,0.049982373,0.7341939755047997,103.6159724,0.6122667045301101
0.18636399507522583,0.4342081,0.7795983086680761,103.6790918,0.22824577462306192
0.06585346907377243,0.6797191,0.7723970944309927,98.88773108,0.33209721798484665
0.06702219694852829,0.4493182,0.8109195402298851,99.06308284,0.2607258483980101
0.14194276928901672,0.88209134,0.7888707037643208,106.6747869,0.50547169760182
0.12649782001972198,0.9683656,0.7840909090909091,106.8930501,0.7580802678866987
0.08888056874275208,0.81749207,0.712142261739372,106.9684977,0.4447669231246828
0.09243310987949371,0.8778555,0.7517006802721088,102.2886848,0.5949765085226445
,0.91962874,0.7346938775510204,110.7138343,0.5043051796592268
,0.72562885,0.7792682926829269,115.6523019,0.4491949870819095
0.10183056443929672,0.74903095,0.7318634423897582,110.8598979,0.44912074504979066
0.14833307266235352,0.9105905,0.7898065476190477,102.9097354,0.5171625378646498
0.09104981273412704,0.6981292,0.7800237812128419,114.475426,0.17373272573085688
0.1095343753695488,0.4974141,0.74375,109.5513642,0.5579712912963387
0.14807400107383728,-0.06636607,0.7328976034858388,114.1082628,0.490988469826478
0.1409461945295334,0.90688515,0.7616892911010558,118.6713522,0.5023060964362189
0.13026151061058044,0.7649195,0.6652518392756084,120.5454511,0.623542850812959
0.1322728395462036,0.7973726,0.7310315430520035,116.5744019,0.5646094004717801
0.11085069924592972,0.5003685,0.7656926406926406,121.9776072,0.2553586997766848
0.11230437457561493,0.39561045,0.7064043209876543,118.3308246,0.6689365067755176
0.10545813292264938,0.7928668,0.7776744186046511,120.4208184,0.4415634306213342
0.11039275676012039,0.41581962,0.6634408602150538,129.5368042,0.4873597686937045
0.11099395900964737,0.683921,0.7504166666666666,121.6601182,0.20447662434468175
0.13063162565231323,0.6279313,0.653054221002059,119.2591617,0.7413840872709564
0.1790008395910263,0.8549541,0.7573426573426574,111.6766477,0.4423629254067889
0.11638505756855011,0.5668559,0.7458791208791209,113.8740914,0.7793758444934185
0.1334482729434967,0.9316376,0.798240100565682,114.9992252,0.49629339490686314
0.12903687357902527,0.82734966,0.7627118644067796,114.5192869,0.4801917857613632
0.09631963819265366,0.6373505,0.7454545454545455,111.0522298,0.3318154521232696
0.08450118452310562,0.76566416,0.7736742424242424,115.0346328,0.4418919508431989
0.08938673138618469,0.5696063,0.7961111111111111,116.2392838,0.48937108434810184
0.09103173762559891,0.48013985,0.7919973544973545,116.5731656,0.3398174209667626
0.09348735213279724,0.35809955,0.8121655871585469,114.8203783,0.6158422611193601
0.10645780712366104,0.46711177,0.7563218390804598,115.5439059,0.5028260908315015
,0.7627481,0.7565714285714286,98.97028741,0.7388260524425974
,0.87771636,0.7980392156862746,98.49593666,0.42707361655385856
0.11823206394910812,0.18572316,0.7428940568475452,95.06837464,0.5813734783340843
0.13622860610485077,0.5774019,0.7183600713012478,89.40839196,0.6173383384815629
0.09739619493484497,0.38560426,0.7583819241982507,89.56952167,0.5056576177648124
0.08693721145391464,0.63045996,0.7732426303854876,94.38767599,0.5132645747510309
0.05312887206673622,0.8204584,0.7156196943972836,118.5549672,0.6030373675558522
0.06849151104688644,0.18063672,0.7993881118881119,112.3448088,0.5660376883915615
0.08030582964420319,0.058679614,0.7359422492401215,106.4702981,0.7324159380654833
0.035753291100263596,0.68007505,0.7769423558897243,111.7181951,0.5379442155696755
0.04313049837946892,0.3947269,0.750445632798574,107.8085139,0.653104543682847
0.050846777856349945,0.21410465,0.6833333333333333,101.8470675,0.8433320461011489
0.12560346722602844,0.7886257,0.7837837837837838,90.83626614,0.5198269672000321
0.12356079369783401,0.63215643,0.75,97.83587029,0.730989527699679
0.09102322906255722,0.618221,0.7896103896103897,122.3453911,0.5540201342551978
0.10033003985881805,0.71955395,0.8062678062678063,120.2928089,0.36617531405233006
0.1815476417541504,0.85612106,0.7647058823529411,109.3057144,0.5749619112235772
0.13285839557647705,0.5256671,0.7608915906788247,116.3193224,0.49686738662516755
0.13136588037014008,0.42588204,0.7433431952662722,114.1692957,0.6232618292772167
0.10408393293619156,0.6597397,0.7870370370370371,115.9889101,0.5291567551467098
0.10129942744970322,0.85093963,0.7725918570009931,111.910279,0.45852157153978423
0.09925877302885056,0.2018955,0.7661361626878869,98.77646867,0.7389507444655568
0.10635405033826828,0.16248076,0.7679824561403509,100.1841828,0.7012261047524779
0.10839415341615677,0.82711816,0.7161084529505582,108.0188396,0.7168785388599515
0.09623325616121292,0.8242359,0.6941558441558442,103.2991918,0.8126022846158057
0.08747059851884842,0.6318779,0.7778706800445931,110.7125023,0.6443791112020465
0.10745484381914139,0.842391,0.7559819947879649,117.2236288,0.6858811364539995
0.11804915964603424,0.7669203,0.7324414715719063,119.6681405,0.5649971572126918
0.0857388824224472,0.537489,0.7785714285714286,109.9041654,0.3413090322850501
0.10639971494674683,0.6897578,0.7397372742200329,113.0265378,0.7344855941122079
0.0699847936630249,0.7402954,0.768958543983822,122.2300529,0.4216135496494605
0.05321715027093887,0.75157744,0.7714604236343366,123.7098817,0.595412902218644
0.06867194175720215,0.92595434,0.7702702702702703,116.9395957,0.47767702336878787
,0.9676714,0.6011342155009451,124.0348784,0.8189931165999489
0.13590691983699799,0.7757429,0.8168067226890756,147.2507152,0.3663180704692219
0.13084065914154053,0.7339108,0.6685633001422475,149.4949071,0.6832193722926027
0.12626029551029205,0.8770646,0.7704714640198511,136.3905503,0.586810015072193
0.19107270240783691,0.7035603,0.7530454042081949,140.2385936,0.5100348121210265
0.1519114375114441,0.8745865,0.7205882352941176,132.8473542,0.5586078400729612
,0.8803886,0.76,142.4435262,0.5934917011221258
0.08868233114480972,0.60694546,0.739247311827957,143.5587885,0.6775374769675865
0.11914051324129105,0.7916599,0.8311036789297659,163.122344,0.4682822846987462
0.09743544459342957,0.8730012,0.7453222453222453,141.8346188,0.7159268539102976
0.1307878941297531,0.95106167,0.7585066162570888,148.8855658,0.37719784770521003
,0.9708707,0.7700996677740863,118.2159897,0.5899718514781493
0.11517206579446793,0.8613298,0.7380464480874317,119.5914708,0.6756493525083973
,0.860363,0.7573529411764706,108.5202506,0.5046056427392696
0.07501905411481857,0.3694146,0.7739583333333333,146.8792821,0.5144481250701444
,0.770488,0.7588522588522588,121.9986691,0.40440924842205234
0.09458320587873459,0.74222493,0.7300944669365722,134.3943825,0.7281839546792294
0.13368961215019226,0.8893052,0.7530619000331016,120.8307429,0.4787180612400514
,0.9533237,0.7665406427221172,115.5210933,0.4190462492003232
0.12174367159605026,0.52326703,0.7747858017135862,141.88824,0.5043924347741258
0.1608857810497284,0.9315935,0.6884531590413944,149.2108416,0.6586935493014908
0.12579460442066193,0.6569625,0.7533875338753387,146.5299204,0.4220697027664573
0.13011100888252258,0.95029193,0.7191919191919192,152.7765358,0.627146178319074
0.11283610761165619,0.58696795,0.805761316872428,96.19394315,0.5795485876376387
0.08541850000619888,0.9672973,0.7271174863387978,107.3935705,0.8551714861957548
0.10353726148605347,0.49627414,0.7792792792792793,105.4146375,0.5825723352459088
0.1326151192188263,0.838311,0.7949206349206349,92.4397958,0.6600491421586605
0.12332763522863388,0.7651853,0.7867036011080333,108.1211331,0.15637632135367252
0.08132858574390411,0.57427025,0.7239641657334827,108.167376,0.6368275937058092
0.07639605551958084,0.6195369,0.703962703962704,103.7876781,0.8435990820824424
0.09915561228990555,0.8048868,0.7774891774891775,136.730429,0.3541209959618724
0.1244359016418457,0.12708504,0.7362745098039216,124.8791303,0.46407057044865824
0.08601819723844528,0.27539116,0.6657483930211203,125.747284,0.7048448937719566
0.09047656506299973,0.9575644,0.7708333333333334,117.2019656,0.6774516263542972
0.11635913699865341,0.7192458,0.780952380952381,119.4950389,0.7490307704080494
0.08225569874048233,0.040611684,0.7948387096774193,126.8592765,0.6444191047096519
0.17522913217544556,0.82816774,0.7246732026143791,114.2875122,0.5070995327695678
0.13785040378570557,0.2655172,0.7329545454545454,131.6473089,0.46542473882501567
0.11030904203653336,0.10482891,0.7820069204152249,136.2455329,0.47575264807338813
0.15268366038799286,0.5710522,0.74858934169279,130.1343419,0.5619918182614954
,0.9720569,0.7439703153988868,125.4789081,0.39194161926632
0.1444871723651886,0.1697032,0.5648936170212766,129.1605969,0.8306332835442947
0.1406516432762146,0.12290636,0.7283950617283951,128.8209461,0.5442002449226359
0.09398388117551804,0.950515,0.7768115942028986,127.2508099,0.42262525416387986
,0.75672495,0.6802656546489564,123.3060671,0.5094748459084822
,0.93815196,0.7247807017543859,125.5861462,0.6636875225108921
0.1121361255645752,0.9060167,0.4613425925925926,116.7299846,0.9412812357161185
0.10478433221578598,0.9146055,0.6236979166666666,117.4789451,0.865116975725164
0.09532015770673752,0.8272517,0.7496498599439776,116.8631892,0.6546496688466653
,0.92378265,0.7131782945736435,119.8820141,0.7222757622985907
0.12209611386060715,-0.008391175,0.6993939393939393,118.0887289,0.6901140754001092
0.10995961725711823,0.09328934,0.610381488430269,118.9671794,0.5318189603783674
,0.9101047,0.7765793528505393,114.8884107,0.7170872311066945
0.09236960858106613,0.9781593,0.7622222222222222,120.5422372,0.42706977759461334
0.12435881793498993,0.48535785,0.831604938271605,112.7459309,0.3909629639046848
0.12428837269544601,0.42441323,0.8,115.6636017,0.4254273492256675
0.1014096662402153,0.3636219,0.6910569105691057,136.6501538,0.7241987596777557
0.11141635477542877,0.16553263,0.6802128688921142,140.7946091,0.7054933747339112
0.11923249065876007,0.53453803,0.772596843615495,86.49248058,0.5523181311162797
0.16689643263816833,0.77724713,0.7861635220125787,97.23772654,0.40888353205384387
0.10807078331708908,0.6762144,0.7767195767195767,86.96562115,0.4081290237611895
0.1755288988351822,0.810464,0.736,96.53410659,0.7694060875257801
,0.9570209,0.7546777546777547,109.477166,0.4958059516835112
0.10499557852745056,0.9243332,0.7973214285714286,112.124999,0.42567994574246526
0.13059434294700623,0.8314655,0.6917989417989417,94.33724958,0.6641130126558492
0.11342301964759827,0.9045351,0.7514792899408284,95.68363096,0.7628938635611396
,0.82346135,0.75,135.4842354,0.18979862871999473
0.0962909683585167,0.9317876,0.7422600619195047,135.8826124,0.44621349328905324
0.09215129911899567,0.7558184,0.6875,146.7700768,0.5389469083923832
0.10246337205171585,0.37825006,0.7017707362534948,136.0498129,0.62770042098955
0.09536226838827133,0.7183752,0.7434343434343434,140.6690369,0.690616939265945
0.09049204736948013,0.5801374,0.7558139534883721,147.2574361,0.519274323566388
0.12980476021766663,-0.054090437,0.8091836734693878,159.4935038,0.5855448531065358
0.08176154643297195,0.78270066,0.7630252100840336,147.5541885,0.5627428201477617
,0.8625014,0.7937411095305832,126.9205467,0.3868107284200592
0.13268913328647614,0.47286928,0.6647116324535679,149.9548074,0.5098613933432501
,0.9623644,0.7974882260596546,128.1121151,0.5925030257905295
0.10170471668243408,0.82975817,0.7536945812807881,130.1326891,0.44763262409172555
0.12582001090049744,0.33612135,0.7575757575757576,147.2241686,0.5658291414637951
0.08481170237064362,0.7296763,0.7863636363636364,168.2377694,0.27860366200040604
0.1410824954509735,0.5969188,0.7597701149425288,161.6222148,0.3505120509680224
0.19591616094112396,0.37994254,0.7282502443792767,154.1311413,0.5207714932602144
0.19730742275714874,0.65551525,0.7540322580645161,157.7766951,0.6787192589681564
0.1315850168466568,0.95041215,0.7620370370370371,181.7869938,0.6561560778453328
0.1887514591217041,0.28352013,0.8084677419354839,167.7139945,0.28514531149580147
0.12300962209701538,0.29626274,0.7723311546840959,158.0695121,0.685455312491513
0.10460492223501205,0.9169412,0.6596736596736597,162.4905921,0.8023025570268449
0.10591065138578415,0.86310476,0.7816091954022989,149.3886053,0.2334900268899174
0.07928016781806946,0.29379702,0.7840909090909091,149.9876736,0.23050668985799305
,0.9482622,0.7586206896551724,144.128822,0.6917343246549382
0.10437872260808945,-0.3338588,0.7492163009404389,148.5223263,0.6638852656105855
,0.9652243,0.760998810939358,149.9078862,0.4110137069000849
0.15150213241577148,0.87116456,0.7879151660664265,152.1369432,0.3762082848649925
0.12086068838834763,0.8421614,0.7976973684210527,140.8660194,0.5972173099857616
0.0938148945569992,0.6387019,0.7894503546099291,144.6460773,0.22636698907682204
0.11365605145692825,0.8002697,0.7395104895104895,149.4794357,0.6457809699703837
0.10636929422616959,0.35126305,0.6955782312925171,148.1312032,0.6760006236881322
0.0938241109251976,0.7203012,0.7300420168067226,154.3257139,0.5736374724266853
0.12069103121757507,0.6576937,0.7366600790513834,151.55398,0.31254642278662403
0.1008807048201561,0.34881085,0.7544827586206897,150.7122572,0.680199118149298
0.10025905817747116,0.7041033,0.7031358885017421,153.8008608,0.7122649485800572
0.13930287957191467,0.6594485,0.77109375,140.5852467,0.684525248401238
0.1567687690258026,0.74966323,0.7858024691358024,140.8448405,0.6166476019784735
0.10963175445795059,0.87469256,0.7913279132791328,144.6145707,0.49739578909072596
0.09640272706747055,0.9410624,0.7756410256410257,149.7068214,0.24105608338219314
0.18417058885097504,0.29102668,0.7917877906976745,141.6071,0.7439425921187279
0.1863858699798584,0.25089535,0.7698170731707317,135.7277399,0.5326450842141249
0.1438807249069214,0.73431635,0.7926829268292683,159.7604673,0.48086817468169823
0.13826872408390045,0.6366083,0.7627494456762749,174.8379521,0.6195475475361188
0.08629699796438217,0.84358066,0.7819444444444444,151.0898544,0.4305960205126752
0.10696882009506226,0.8245297,0.7914529914529914,162.9512989,0.5795223807646441
,0.9309022,0.6870554765291608,118.4195248,0.37377620273030293
0.05650336295366287,0.7767294,0.7403846153846154,128.1922033,0.6565737702734747
0.08071833848953247,0.81066346,0.6549019607843137,124.412636,0.47781520805562966
0.1127646416425705,0.611399,0.7589285714285714,142.5886363,0.5935283604245132
,0.9227425,0.6663442940038685,127.3126792,0.7654886891622792
0.05858699232339859,0.6048248,0.7510822510822511,160.5931756,0.5425997596133747
0.09224288165569305,0.8766474,0.7551282051282051,143.2342939,0.5091191675217435
0.09218455851078033,0.9204922,0.7987012987012987,140.4991071,0.43341483577214335
,0.8421646,0.5970401691331924,121.7544681,0.8806518007940795
,0.83796465,0.7001661129568106,128.6225359,0.7885948745421051
0.0947127640247345,0.58139634,0.6816608996539792,154.5402935,0.5598591431543953
,0.52951354,0.7826797385620915,170.3027111,0.520507695391112
0.06777817010879517,0.933193,0.766510812390415,178.9402685,0.2440911002664273
0.08682066202163696,0.9558612,0.49295774647887325,183.3751929,0.7969786412148482
0.08988974988460541,0.9481646,0.6415760869565217,213.9832506,0.9040414399930987
0.0738292708992958,0.799625,0.7506410256410256,210.6274176,0.7157292518206693
0.08354704827070236,0.9611516,0.4502470007057163,214.8723112,0.9348171015507057
0.0851181223988533,0.9681765,0.5899509803921569,210.2648421,0.9162787946473643
0.08111876994371414,0.8147813,0.7513842746400886,220.6758423,0.6383371050070689
0.1537005603313446,0.9627231,0.5698757763975155,175.0805507,0.9015597958346542
0.12288209795951843,0.92678916,0.7291346646185356,190.253373,0.2774495344391151
0.10882334411144257,0.6407342,0.7623007623007623,184.5544041,0.3838973424478797
0.15169848501682281,0.9483059,0.407085346215781,131.302874,0.9412011102946743
,0.95376813,0.46374960076652827,138.9286778,0.8754156239236435
0.15131784975528717,0.92130804,0.65807962529274,185.6674826,0.8193693019010797
0.1618945449590683,0.93382806,0.6073968705547653,182.676454,0.9247908200163109
0.12981750071048737,0.90695155,0.787046908315565,187.9000194,0.5853871424156949
0.14010152220726013,0.97101337,0.5616080183026474,188.8663485,0.8365672062747386
0.13224393129348755,0.9801375,0.6598837209302325,179.3951531,0.772341984160141
0.20987017452716827,0.9592359,0.6757749712973593,116.0142026,0.5682643168353452
0.16080956161022186,0.8799044,0.7850609756097561,113.8328037,0.5067867120214252
,0.95574534,0.7671849427168577,116.4361401,0.4405518929654166
0.16492189466953278,0.9802014,0.7688888888888888,117.2018709,0.24633002140791174
0.12548403441905975,0.8928793,0.5630740967544396,112.0287401,0.8424313513106059
,0.95029736,0.6111873713109128,112.6454617,0.7898097912097605
0.17694461345672607,0.65241265,0.6537085030235715,176.6867194,0.7849947876174628
0.11423305422067642,0.91940343,0.6015384615384616,170.5277928,0.9306806970655874
0.15397553145885468,0.9106219,0.6304659498207885,176.8995841,0.9451788626058629
,0.872836,0.8,167.8767369,0.47136258273569126
,0.7295668,0.7473684210526316,160.4523641,0.6301841304569685
0.0918763130903244,0.94512165,0.7441130298273155,168.1357991,0.6493458973946769
,0.93765026,0.7234848484848485,171.3035579,0.4888265279859389
,0.87926215,0.6663995726495726,170.4867236,0.835797147216497
0.11555586755275726,0.91701233,0.6604588394062079,163.9584566,0.4693437279985602
0.1057925596833229,0.9775672,0.7409876543209877,163.4250045,0.7936607850613597
0.08686698228120804,0.9319681,0.41760299625468167,152.2285825,0.9570833991394844
,0.83669186,0.6087610264635124,149.1066251,0.9363268537995332
,0.9024345,0.4635985839618285,181.8988861,0.8341344073253784
,0.9666073,0.7353422862757943,177.2417905,0.7928701090036094
0.14647817611694336,0.95181835,0.7102987421383647,175.6283034,0.7104375243948199
0.14677099883556366,0.9322654,0.7223443223443223,178.0070621,0.830435325570614
0.11832991242408752,0.93608,0.7467718794835008,179.1802454,0.6926550776613316
0.16070641577243805,0.95767146,0.6797619047619048,160.2133674,0.6898776410915491
0.1924627125263214,0.92857206,0.663218793828892,155.1804607,0.9399432465477681
0.1227554902434349,0.93304235,0.7534872534872535,151.5338745,0.6702452707475792
0.11557785421609879,0.9239646,0.7579831932773109,148.8229939,0.6169461647855374
,0.80347955,0.746031746031746,145.2842261,0.8646416426722637
0.252141535282135,0.93844116,0.6656184486373166,236.1084629,0.9165918193173856
0.1893301159143448,0.9650714,0.5070446443727721,252.7288715,0.9571353113887123
0.17484693229198456,0.8825368,0.61502849002849,243.2504777,0.7880585021652282
0.10198520123958588,0.8668053,0.6652949245541838,231.4486963,0.5307147414227119
0.18346485495567322,0.9447396,0.6372881355932203,175.8604793,0.8118169748130074
0.18099524080753326,0.94579756,0.6089773984510827,170.3295106,0.9185464486061294
0.15017037093639374,0.90289724,0.7730769230769231,175.2407564,0.5830659075652895
0.16687476634979248,0.97405934,0.58984375,157.9777871,0.8327562405806814
0.1500459611415863,0.9827327,0.6349226804123711,156.6256916,0.8048762649366151
