FRET efficiency similarity,Colocalization similarity,A_Extent similarity,T_SumAverage similarity
0.153964385,0.3573934,0.73125,91.92813607
0.088995293,0.96185726,0.754214729,94.6388898
0.111676216,0.91835976,0.782322863,92.78053105
0.089323916,0.8886702,0.766964286,87.77080933
0.081606239,0.7822684,0.770899471,109.0832782
,0.63324773,0.777880184,112.9477821
,0.7823503,0.796470588,116.4955605
0.111767814,0.817065,0.771683673,121.6933123
0.123984903,0.6274024,0.777777778,115.3623205
0.112552322,0.7694354,0.773148148,124.3011358
,0.7964572,0.744975745,115.5537867
,0.8036251,0.726381462,115.8379662
0.086126611,0.9287257,0.774750831,116.5335882
0.097585581,0.9277243,0.7696567,117.4336489
0.104916707,0.8147352,0.744444444,128.0376817
0.138976693,0.28408504,0.780525031,141.7835373
0.127554253,0.5225668,0.732879819,140.7701452
0.123552352,0.6331806,0.752688172,146.1626316
0.125475243,0.7929295,0.764299183,140.9047597
0.138764501,0.7114293,0.771700357,152.1906156
0.14269425,0.1493007,0.675675676,144.6403435
,0.8833643,0.683579986,105.5215704
,0.78961164,0.738708473,102.6002645
0.103818201,0.7778214,0.57238806,93.76309227
0.147792205,0.69937015,0.708261246,95.00758706
0.138755575,0.839944,0.724,98.02722307
0.166642129,0.8592137,0.764619525,95.0550085
0.12684764,0.7434849,0.767512077,100.1074578
0.147508368,0.48930532,0.772093023,108.6124101
0.145842746,0.9048989,0.786264442,105.9397927
0.130046248,0.91490746,0.8,120.6722999
0.099434257,0.84125453,0.770189702,106.0387003
,0.9035138,0.778532609,117.784901
0.149105474,0.87791646,0.786466165,125.7356947
,0.8081093,0.741883117,129.7605884
0.137326568,0.7141107,0.728794643,125.0842707
0.117438391,0.8582296,0.791111111,126.3989849
0.088127337,0.7994522,0.754887218,125.8866768
0.132716745,0.819339,0.665186829,126.6281589
,0.8108671,0.765384615,136.7442152
0.083179787,0.34877843,0.752702703,142.8520946
,0.9163488,0.735279565,138.84369
0.078216434,0.7508422,0.74895647,137.8068727
0.075994745,0.75212115,0.69968652,139.1083069
0.07892441,0.7974057,0.798496241,142.6660164
0.075008243,0.91273177,0.785412262,135.8146521
0.131253392,0.5444133,0.708061002,112.7953688
0.129783317,0.5465956,0.700443787,114.8971639
0.147297144,0.78910255,0.767777778,113.1753554
,0.8300891,0.761290323,108.7956407
0.16374068,0.8843988,0.735714286,110.3527172
0.136689588,0.6957139,0.821731749,104.7356876
0.145185769,0.8521284,0.757575758,131.8598941
0.166204304,0.83524764,0.693240093,110.8624935
0.136725813,0.70076674,0.786703601,133.5528689
0.117332548,0.799624,0.756529851,129.0139276
0.134604365,0.71065253,0.761371127,139.2584021
0.138317451,0.82521015,0.725752508,135.2150139
0.101512186,0.8375795,0.756170213,88.36644155
,0.7425325,0.760389036,91.87330317
0.114115827,0.49219763,0.746875,88.89450718
0.126582444,0.50780606,0.757575758,95.0692933
0.15227446,0.92125595,0.74411303,89.97080763
0.090508029,0.8060951,0.754813864,92.97380289
0.098739102,0.857872,0.748102467,94.08017794
0.085279167,0.7238821,0.730902778,89.13833237
0.133116961,0.95568794,0.794871795,94.67081314
,0.5582787,0.662162162,91.47336635
,0.9386266,0.838141026,125.3973034
0.103781283,0.8607949,0.791111111,125.5849738
0.081700943,0.74873114,0.765500795,127.2531118
0.086694412,0.88742495,0.764418377,128.7218464
0.088899732,0.87516165,0.788762447,132.1687829
0.090497784,0.8394061,0.771103896,129.761311
0.121809706,0.3538216,0.769565217,119.5102242
0.105910107,0.7437993,0.762393162,122.3256775
,0.82409894,0.778642937,130.8588701
0.12657389,0.84057987,0.66953125,116.8671304
0.112100989,0.90402365,0.728268809,123.2641869
0.119822606,0.70409894,0.828078078,123.9469795
0.164532974,0.37562957,0.807692308,115.2837214
0.138787404,0.8714043,0.758873929,112.4709255
0.137522116,0.75092614,0.792792793,114.5485814
0.164562702,0.40325102,0.816738817,110.5772931
0.138612583,0.937744,0.760802469,117.364043
0.156628489,0.9445763,0.791666667,118.9962505
0.13520433,0.7517053,0.738900634,110.1957207
0.107756659,0.353275,0.703703704,112.3644128
0.098987073,0.8753058,0.758556548,97.38658281
,0.75966483,0.687804878,99.58672317
,0.7719995,0.752834467,104.9748912
,0.89377856,0.781521739,102.2107336
0.156071737,0.5319934,0.793650794,95.58825402
0.167293236,0.7905115,0.801020408,96.70324374
0.148724198,0.8387884,0.55199005,112.5667024
0.161270738,0.87370425,0.784288194,95.81732779
0.138603613,0.8161861,0.72429078,101.9794756
0.125362918,0.8121782,0.760116813,94.69077173
,0.8333273,0.786264442,132.1807497
0.069353305,0.30010328,0.788815789,131.7806033
0.191679448,0.90268135,0.717159019,129.9173744
0.085611835,0.4790433,0.773611111,141.7723934
0.061008491,0.74324316,0.791071429,130.7616609
0.049459487,0.74882454,0.689361702,127.4262517
0.054720372,0.7119289,0.77928744,144.2860183
0.077150531,0.9000143,0.749183007,132.2347157
0.064056456,0.8774178,0.746464646,142.7466096
0.055814687,0.88229424,0.790816327,126.174738
0.043506481,0.86881864,0.773399015,131.994049
0.058692481,0.8366587,0.710464201,137.9115713
0.09999276,0.6387563,0.710919089,134.149909
,0.95020425,0.780780781,142.9902642
0.063512057,0.71931785,0.742481203,135.4725345
0.101468764,0.5402477,0.765985498,133.6118931
0.119946428,0.7244143,0.793333333,129.250226
0.059462003,0.953444,0.759545924,132.7116783
,0.85883844,0.712698413,99.49321034
0.092132211,0.2401991,0.687145558,101.4295839
0.098509647,-0.2605139,0.770034843,105.256171
0.066749617,0.7477654,0.703125,92.28808542
0.088232167,0.89240134,0.763546798,109.5549824
0.082203709,0.92338395,0.780208333,100.4972442
0.089006893,0.8060839,0.725338491,99.53292141
0.085549742,0.91248554,0.777680907,129.5299122
0.107153319,0.951033,0.80872914,132.0193281
0.055690151,0.66471624,0.71031746,134.2071844
,0.9665859,0.740601504,137.1860418
0.078220524,0.80850714,0.794468887,144.1798102
0.091938101,-0.087395266,0.772448612,132.8800543
0.063832209,0.7144151,0.778528529,130.2752965
0.074806251,0.9245975,0.751724138,139.5040025
0.064333051,0.96158355,0.759738329,120.9262515
,0.9324869,0.780851064,131.6192673
0.048223779,0.617722,0.746606335,136.395524
0.072188526,0.4987919,0.773333333,123.1001231
0.084879108,0.7228881,0.744736842,130.8565366
0.075849466,0.65381527,0.762962963,134.2610395
0.058635179,0.8144802,0.777777778,119.9922463
,0.83914775,0.691876751,125.2691469
,0.93460244,0.791975309,132.1202944
,0.9226484,0.72899927,136.3115644
,0.9052959,0.746632997,120.310565
0.043926489,0.65380013,0.787925697,121.054692
0.04191995,0.72606015,0.730714286,120.9067385
0.069763541,0.44953528,0.724761905,143.8736083
0.100458488,0.8888619,0.746153846,147.9879887
,0.88770694,0.76384083,154.2557493
,0.81822383,0.717592593,161.2336567
0.098171428,0.57693774,0.772692308,76.50354847
0.11238686,0.63825786,0.708812261,76.88757341
0.108124323,0.8949371,0.786555787,81.48178526
0.125913605,0.8805037,0.794181034,85.05597491
0.119027413,0.71524715,0.735241503,75.19350679
0.103602007,0.49842477,0.715488215,74.94573715
,0.93232405,0.791992188,75.21449226
0.060587805,0.91240734,0.822222222,128.8281726
0.065676212,0.80263144,0.654736842,130.8839786
0.083390974,0.71396375,0.732765957,120.0931562
0.067738041,0.9497148,0.694186047,113.6312926
0.058320235,0.9245031,0.729420732,120.4815626
0.08451432,0.63279057,0.766899767,124.2151876
,0.69857395,0.708506841,122.6788335
0.205871284,0.20416047,0.789230769,98.12728358
0.071322933,0.6907781,0.763194444,99.53474435
0.065224364,0.6247345,0.759139785,111.9298499
,0.9173142,0.747829861,107.1391002
0.08570008,0.41850734,0.737837838,103.0675044
,0.9324069,0.745507246,101.3854169
0.075487986,0.9245704,0.75970696,96.61924134
0.159681067,0.52850974,0.771604938,141.33197
0.076761164,0.9160847,0.766023166,134.1299613
,0.8136692,0.792,141.7135059
,0.70146984,0.796703297,151.0146587
0.071055233,0.8999239,0.795555556,137.0077754
0.092363149,0.21739972,0.702546296,136.2337444
0.116554409,0.801384,0.802051282,142.4487729
0.048831355,0.42852676,0.773504274,143.7250534
0.073199287,0.45207456,0.676954733,136.0322491
0.064593025,0.8538468,0.827702703,139.1827903
0.063032545,0.5265949,0.734196117,137.4980975
0.075261481,0.90669334,0.697600724,135.4982152
0.058892235,0.66070324,0.753297683,157.2574318
0.09071485,0.44805118,0.767904509,158.2703358
0.058698494,0.6752631,0.792205128,150.1012722
0.070511371,0.78039443,0.77375,155.8581214
0.074820511,0.644772,0.703877791,122.2602385
0.096605539,0.43713048,0.74962963,124.155996
0.0730379,0.4230813,0.782638889,128.8476502
,0.97957444,0.738647343,123.7020372
0.048774939,0.73151225,0.648447205,124.8962108
,0.8927647,0.740128558,128.1614365
0.049770709,0.8697876,0.810846561,122.4944093
0.08115489,0.7162596,0.748842593,121.8904516
0.061959703,0.90884984,0.752873563,123.1880744
0.094741851,0.9395965,0.763786765,119.915656
0.092395484,0.8219501,0.690666667,128.8120943
0.101381913,0.7899267,0.77595386,124.70675
0.109545022,0.8836037,0.717391304,123.221835
0.100812472,0.69784415,0.781471222,129.2596185
,0.8869418,0.771124979,125.8431261
0.084965706,0.70637006,0.700256739,140.7971611
0.074701466,0.7156552,0.78105502,133.7566028
0.079003215,0.7003292,0.701404287,143.4171316
0.111781813,0.009799471,0.707465278,151.5140782
0.119625174,0.18828905,0.746710526,154.4839735
0.076298825,0.52866304,0.663815789,136.49527
0.081252411,0.90951484,0.715601966,142.6085412
0.097086661,0.83487415,0.7749658,160.9102712
0.093250141,0.2767895,0.753024614,118.5995944
0.088369176,0.6240321,0.744358121,115.0897095
0.133715957,0.89843875,0.783834586,118.6627191
0.109865718,0.57252467,0.773571429,116.9250166
0.08943864,0.8493266,0.767885533,115.548214
0.10441725,0.68291235,0.77369281,120.4086883
0.096778907,0.5895727,0.756925208,114.8752837
0.100478798,0.8588581,0.736764706,110.9374546
,0.6272313,0.651477833,117.2467024
0.14557825,0.42693955,0.780048077,117.829813
0.078722015,0.46216846,0.779545455,125.4272847
,0.8826004,0.766666667,124.0826949
0.115612403,0.72954893,0.805871212,124.6259155
0.109999418,0.8299715,0.75625,126.5048229
0.084853962,0.6381507,0.728804348,126.7151877
0.098503403,0.85806644,0.77047619,139.0060316
0.117969103,0.042840973,0.796052632,135.5045451
0.096886195,0.7227788,0.728695652,130.8644957
0.099994332,0.7784595,0.742346939,128.9254095
,0.70208514,0.790896159,136.3662584
0.109414488,0.6089846,0.78,140.0507943
0.098009713,0.92835593,0.759042553,117.2269174
0.101728007,0.9149681,0.775498891,122.021211
0.113833867,0.5807591,0.751690821,123.074137
0.087883025,0.81067926,0.75444664,122.4499587
0.113589123,0.8533478,0.789473684,126.0595833
,0.88268846,0.73025641,126.9356776
0.096962795,0.87964284,0.73208858,116.7219787
0.173489735,0.87421596,0.793103448,124.2085568
0.089348182,0.7991159,0.710793083,117.5972335
0.169339672,0.7483578,0.692401216,92.18675604
0.136613667,0.6315527,0.756790123,99.58993118
0.127568573,0.62453276,0.721583653,95.48455016
0.171152636,0.5710627,0.801428571,98.96569503
0.128229633,0.5875976,0.651960784,98.65875516
0.119947292,0.88019276,0.792207792,103.3428134
0.123401873,0.8385692,0.755762411,99.92475338
0.158634812,0.8792222,0.735227273,91.22260228
0.131176636,0.26074916,0.750776398,99.36135731
0.12580803,0.8658202,0.770967742,98.36420271
0.122060575,-0.003365949,0.737373737,98.92713627
0.119426854,0.67607003,0.789166667,102.9605964
0.091596775,0.88070834,0.738596491,95.16431393
0.127424777,0.9362545,0.788602941,93.57293726
0.10656403,0.611606,0.778195489,98.52497535
0.082847014,0.8027224,0.755849754,95.2768366
0.1025258,0.26708168,0.764661654,100.9226583
0.081779264,0.7082751,0.728804348,90.44498931
0.091039449,0.6515542,0.774390244,97.6234743
0.077211998,0.8179335,0.738897232,100.3507765
0.092421785,0.81238174,0.6575,99.04089069
0.035579626,0.17966357,0.750213129,92.60015994
0.09874738,0.66478693,0.632659933,110.4493813
0.106773689,0.62514865,0.742810458,109.6174316
0.094865046,0.24663594,0.722816399,113.6666797
0.101130128,0.915393,0.762142857,117.1169308
,0.8286215,0.763095238,112.9807416
0.137619853,0.8676027,0.795833333,110.400302
0.107504569,0.88127726,0.761044735,112.6520169
0.072806358,0.55168796,0.75297619,112.1354257
0.087144278,0.39197555,0.766414141,115.545615
0.070147835,0.7581141,0.714597902,106.5763041
,0.43192905,0.772727273,114.3369001
,0.8793947,0.758394758,111.0198622
0.108138435,0.48486662,0.793952968,122.6364697
0.105612673,0.32775104,0.666233766,129.5836517
0.073189013,0.79314005,0.709302326,112.1844936
0.109808892,0.20304509,0.717403164,131.1203433
0.102260552,0.29144755,0.790598291,129.5625232
0.066099077,0.7717489,0.764327485,122.2189245
0.074732207,0.8315747,0.739285714,134.5559005
,0.90060186,0.781694915,117.2635044
0.124374576,0.9634935,0.607399577,131.2710366
0.10383489,0.7757174,0.679910213,122.0374993
0.087096684,0.5047033,0.750505051,121.4008806
0.083714686,0.13664196,0.784057971,124.6429851
0.083689347,0.24368827,0.775326797,129.896763
0.094001666,0.41090083,0.760107817,127.4720743
0.081593908,0.102138355,0.797163121,115.9983835
0.120563611,-0.078617305,0.746246246,120.5227325
0.090063505,0.59029555,0.775935374,119.1985786
0.108581342,-0.31255236,0.736786469,125.5371902
0.084901452,0.5956963,0.538717483,129.7554807
0.074837223,0.60135615,0.703953279,133.6710328
0.145047382,0.80769825,0.793294031,120.2543633
0.085739456,0.79330355,0.753615702,138.7781055
0.092627637,0.0442663,0.752717391,127.6657783
0.083335668,0.6998569,0.775058275,136.8684001
0.113510042,0.72541517,0.721693122,128.35613
,0.89793,0.73202765,99.35938541
0.16527535,0.8878913,0.784698193,94.90428315
0.090693608,0.8199506,0.782810685,100.5033913
0.079031348,0.81940055,0.772413793,98.79172768
0.141565472,0.945575,0.790017825,96.26765143
0.092774175,0.8501239,0.798126951,93.06788257
0.11597041,0.951911,0.750164366,114.8277175
0.092112996,0.7254697,0.647959184,115.3858348
0.100935228,0.91675043,0.768087855,113.6785107
0.099322736,0.41967607,0.741025641,113.3473284
0.09206368,0.5263035,0.696296296,110.0409012
0.107091658,0.11084427,0.791869919,111.8975659
0.098406844,0.4581672,0.745945946,108.2737903
0.097312897,0.8883606,0.795555556,113.1822268
0.093072802,0.6745723,0.76076555,110.9050838
,0.9303104,0.75862069,103.4809577
0.098473728,0.818918,0.737268519,106.4333102
,0.94941115,0.75,104.4616392
0.10747686,0.614464,0.780405405,105.7871499
0.083272666,0.7993245,0.75921659,109.6912471
0.116561472,0.79004323,0.778344671,102.0774495
0.123282693,0.64999926,0.794285714,107.7057179
0.085609794,0.61658037,0.788966434,104.1852698
0.081353419,0.25656995,0.701133787,149.1407805
0.07354331,0.54100305,0.7625,147.8197752
0.178988084,0.77955264,0.719886364,157.3176356
0.083377108,0.6843873,0.788113695,154.5372095
0.090206169,0.5670967,0.63859208,162.0673892
0.096370235,0.75068367,0.75862069,176.4972241
0.140865773,0.9321948,0.742833743,139.1419095
0.10554415,0.8647611,0.752983913,145.0563483
0.078513779,0.57622856,0.787326389,156.3275321
0.119198546,0.017745838,0.774519717,125.966006
0.108484477,0.30544528,0.748891353,132.0785912
0.122382581,0.93199867,0.739194139,133.9188478
0.107502922,0.85492414,0.73553719,132.7426191
0.096125498,0.5279461,0.69327467,144.7802087
0.074212879,0.3679161,0.769296741,131.8691451
,0.87446254,0.773611111,125.4426558
,0.963205,0.776850508,134.522689
0.092887521,0.80257845,0.784391534,147.3002897
0.074883141,0.84538347,0.782828283,147.9048926
0.115201034,0.6510856,0.700359017,141.8707506
0.213216156,0.3220286,0.748964803,80.31392873
0.145302117,-0.14618096,0.692093023,77.62038526
0.122170687,0.43448916,0.803215078,81.30700111
0.152355582,0.34473366,0.719907407,81.48613652
0.15125595,-0.0782612,0.734126984,85.95578636
0.133222982,0.8951772,0.799889135,89.58223796
0.127538532,0.8132575,0.778832463,80.68411375
0.127626583,0.85349965,0.80017301,82.74119142
0.119100407,0.8728204,0.597905282,80.33360289
0.101451993,0.8846928,0.719298246,105.6915936
0.123967849,0.91854936,0.733930285,105.4215991
0.096052788,0.86561006,0.740055504,107.080028
0.134697929,0.7335763,0.791954023,113.9019505
0.094980456,0.73732126,0.751179245,99.81020686
0.109403469,0.7697852,0.782082324,103.0380042
,0.9278126,0.817204301,109.197035
,0.9601725,0.765517241,107.8268253
0.10385067,0.7644083,0.769115442,115.4268681
0.094751693,0.692564,0.783558793,118.9697202
0.128938794,0.96752137,0.607615139,114.8135664
0.115594849,0.8036239,0.49124424,105.8788435
0.10657841,0.46259147,0.764705882,115.9026495
0.105363667,0.052654102,0.778074866,116.8283377
0.07471288,0.7024785,0.775,109.5926579
0.118784964,0.8761838,0.74375,123.3184639
0.095818937,0.87888205,0.747340426,111.7481841
0.117656343,0.5065305,0.760093897,116.7547809
,0.65805244,0.775089606,115.5332028
0.087691896,0.7692293,0.782926829,75.81765951
0.097424455,0.7774512,0.773255814,73.50078494
0.119843736,0.48800868,0.71859114,76.00679668
0.123027205,0.9700017,0.793162393,75.17075109
0.123716183,0.8998078,0.776353276,82.73099883
0.132837772,0.8788437,0.791495199,78.88549708
0.137619033,0.97294724,0.791744841,78.60650354
0.122355528,0.4177736,0.754084967,74.55267245
0.136189073,0.79633516,0.807397959,76.98686826
0.09411905,0.8338038,0.780241935,83.4197715
0.118469015,0.9552773,0.77016129,70.53436951
0.138694048,0.5559562,0.775132275,78.1089025
0.112344608,0.59500396,0.789321789,114.7088914
0.093204908,0.7271403,0.790948276,115.0220364
0.118537247,0.74255586,0.732789393,114.7008825
0.130200967,0.9242524,0.651875,119.6731499
0.111188762,0.91021776,0.817204301,120.7217088
0.111897856,0.68649924,0.825471698,114.3150928
0.12620908,0.7419069,0.76974416,107.3718301
0.106903754,0.5326092,0.793123543,120.7795396
0.16945073,0.91354895,0.744827586,115.6457274
0.103547655,0.58956844,0.790726817,120.9110539
,0.8953906,0.725806452,120.2108121
0.256177098,0.7632355,0.733506944,116.6272018
0.108327471,0.5625346,0.778642937,124.2805575
0.128877431,0.9007209,0.755102041,112.2428279
,0.95519876,0.738636364,96.03768601
,0.9481812,0.759211209,106.6170374
,0.94135475,0.787025704,104.8521321
,0.88493943,0.747464503,111.3932875
0.135651663,0.85310805,0.769172932,104.4189996
0.123727694,0.83488196,0.740121581,129.7232932
0.091279633,0.76732755,0.783969728,140.0004576
0.100031301,0.83113027,0.789473684,132.6956464
0.110965475,0.82411015,0.797090909,75.22205545
0.110852197,0.91680026,0.781994048,75.05392908
0.125388592,0.7234391,0.796439628,82.59239255
0.112835564,0.38859004,0.786858974,77.38025861
0.115949884,0.49315405,0.697976129,80.20604004
,0.925682,0.750771605,78.12597091
0.098579913,0.7942875,0.759358289,82.02735142
0.090968214,0.57988405,0.771802326,104.3843923
0.095952056,0.90850455,0.609756098,103.8998512
0.111587375,0.5878776,0.717105263,104.0044418
0.12702775,0.902775,0.796452703,103.3196537
0.113890044,0.93960476,0.748012719,102.2561928
0.144492641,0.83734477,0.767460317,97.85846144
0.078101993,0.8461203,0.688639551,103.3192414
0.084006973,0.952484,0.791563275,110.9041913
0.119353689,0.2887013,0.706896552,106.6779746
0.115663253,0.6746343,0.779090584,108.5969168
0.092426233,0.4831267,0.804945055,114.2172109
0.139785707,0.48951992,0.777777778,121.4127177
0.114644453,0.55679196,0.770440252,109.9468351
0.102657847,0.545369,0.780048077,114.6552373
0.08056245,0.45459524,0.791145833,114.1316495
0.138660356,0.6996594,0.720816327,135.5775276
,0.8274343,0.77195122,134.3202585
0.109137945,0.68111086,0.780701754,122.6468712
0.08269541,0.90965486,0.785714286,148.5606032
0.147152469,0.7789973,0.792792793,134.0093674
0.221443653,0.9149878,0.764081633,134.4860433
0.166416779,0.70436186,0.745426829,141.215555
,0.8709016,0.734478936,150.4618328
0.155250385,0.83400977,0.765306122,156.5556192
0.176267549,0.23485842,0.829903978,135.3500922
0.167537257,0.50296396,0.767137097,137.3970351
0.178229541,0.58159506,0.762755102,135.1631564
0.088269159,0.6860606,0.714646465,129.5019054
,0.8207811,0.819858156,125.5938666
,0.62135977,0.671511628,129.5191957
0.338494152,0.84728056,0.7374677,129.2152997
0.112669878,0.8600724,0.796875,131.7761347
0.112118572,0.925145,0.78902439,124.314775
0.107754774,0.5714195,0.692581301,127.0045415
0.094913788,0.85212314,0.76097973,130.6370043
0.185809255,0.88824904,0.757291667,86.0809996
0.180183992,0.9258925,0.742946708,87.8024283
0.082407765,0.386459,0.767241379,90.36261907
0.080619931,0.5210867,0.766098485,88.59583898
0.141740292,0.9068013,0.790948276,91.77061686
0.098563164,-0.11922081,0.773049645,87.25339324
0.105727956,0.6067254,0.74857685,94.09054284
0.116571151,0.866949,0.786914766,83.89093003
0.105985597,0.8679836,0.762019231,83.92913367
0.139135361,0.85909057,0.777777778,131.6477559
0.100087211,0.52390605,0.695246971,137.7044651
0.112301365,0.7830158,0.609649123,162.7597709
0.096241117,0.6849586,0.782585181,172.2247231
0.106717817,0.72347164,0.779033271,154.4905695
0.098767087,0.66589755,0.715277778,91.48160617
0.114580423,0.6498888,0.786389414,102.119873
0.08606302,0.86666363,0.771627566,126.8484773
0.08837913,0.70728695,0.774659864,136.3107967
0.097071439,0.8692274,0.778388278,138.58721
0.106126122,0.5143827,0.754049446,130.7178094
0.081378259,0.60402,0.726689977,130.2233588
0.105782315,0.9543132,0.770685579,138.8190096
0.103013813,0.62089705,0.781653747,157.53027
0.120373085,0.9281742,0.760416667,116.8745499
0.12832211,0.7115733,0.725925926,132.9632619
0.085974835,0.505079,0.811491935,103.4676525
0.102293767,0.629197,0.77424844,123.6767674
0.090049438,0.48075196,0.785795455,119.9679827
0.075507745,-0.08803035,0.809009009,108.0559738
0.084928952,0.90164834,0.726824458,106.3649967
0.088923551,0.57320434,0.778510218,105.048344
,0.8399414,0.731140102,102.7239263
0.131757185,0.5435915,0.691051136,99.6223367
0.148085505,0.049982373,0.734193976,103.6159724
0.186363995,0.4342081,0.779598309,103.6790918
0.065853469,0.6797191,0.772397094,98.88773108
0.067022197,0.4493182,0.81091954,99.06308284
0.141942769,0.88209134,0.788870704,106.6747869
0.12649782,0.9683656,0.784090909,106.8930501
0.088880569,0.81749207,0.712142262,106.9684977
0.09243311,0.8778555,0.75170068,102.2886848
,0.91962874,0.734693878,110.7138343
,0.72562885,0.779268293,115.6523019
0.101830564,0.74903095,0.731863442,110.8598979
0.148333073,0.9105905,0.789806548,102.9097354
0.091049813,0.6981292,0.780023781,114.475426
0.109534375,0.4974141,0.74375,109.5513642
0.148074001,-0.06636607,0.732897603,114.1082628
0.140946195,0.90688515,0.761689291,118.6713522
0.130261511,0.7649195,0.665251839,120.5454511
0.13227284,0.7973726,0.731031543,116.5744019
0.110850699,0.5003685,0.765692641,121.9776072
0.112304375,0.39561045,0.706404321,118.3308246
0.105458133,0.7928668,0.777674419,120.4208184
0.110392757,0.41581962,0.66344086,129.5368042
0.110993959,0.683921,0.750416667,121.6601182
0.130631626,0.6279313,0.653054221,119.2591617
0.17900084,0.8549541,0.757342657,111.6766477
0.116385058,0.5668559,0.745879121,113.8740914
0.133448273,0.9316376,0.798240101,114.9992252
0.129036874,0.82734966,0.762711864,114.5192869
0.096319638,0.6373505,0.745454545,111.0522298
0.084501185,0.76566416,0.773674242,115.0346328
0.089386731,0.5696063,0.796111111,116.2392838
0.091031738,0.48013985,0.791997354,116.5731656
0.093487352,0.35809955,0.812165587,114.8203783
0.106457807,0.46711177,0.756321839,115.5439059
,0.7627481,0.756571429,98.97028741
,0.87771636,0.798039216,98.49593666
0.118232064,0.18572316,0.742894057,95.06837464
0.136228606,0.5774019,0.718360071,89.40839196
0.097396195,0.38560426,0.758381924,89.56952167
0.086937211,0.63045996,0.77324263,94.38767599
0.053128872,0.8204584,0.715619694,118.5549672
0.068491511,0.18063672,0.799388112,112.3448088
0.08030583,0.058679614,0.735942249,106.4702981
0.035753291,0.68007505,0.776942356,111.7181951
0.043130498,0.3947269,0.750445633,107.8085139
0.050846778,0.21410465,0.683333333,101.8470675
0.125603467,0.7886257,0.783783784,90.83626614
0.123560794,0.63215643,0.75,97.83587029
0.091023229,0.618221,0.78961039,122.3453911
0.10033004,0.71955395,0.806267806,120.2928089
0.181547642,0.85612106,0.764705882,109.3057144
0.132858396,0.5256671,0.760891591,116.3193224
0.13136588,0.42588204,0.743343195,114.1692957
0.104083933,0.6597397,0.787037037,115.9889101
0.101299427,0.85093963,0.772591857,111.910279
0.099258773,0.2018955,0.766136163,98.77646867
0.10635405,0.16248076,0.767982456,100.1841828
0.108394153,0.82711816,0.716108453,108.0188396
0.096233256,0.8242359,0.694155844,103.2991918
0.087470599,0.6318779,0.77787068,110.7125023
0.107454844,0.842391,0.755981995,117.2236288
0.11804916,0.7669203,0.732441472,119.6681405
0.085738882,0.537489,0.778571429,109.9041654
0.106399715,0.6897578,0.739737274,113.0265378
0.069984794,0.7402954,0.768958544,122.2300529
0.05321715,0.75157744,0.771460424,123.7098817
0.068671942,0.92595434,0.77027027,116.9395957
,0.9676714,0.601134216,124.0348784
0.13590692,0.7757429,0.816806723,147.2507152
0.130840659,0.7339108,0.6685633,149.4949071
0.126260296,0.8770646,0.770471464,136.3905503
0.191072702,0.7035603,0.753045404,140.2385936
0.151911438,0.8745865,0.720588235,132.8473542
,0.8803886,0.76,142.4435262
0.088682331,0.60694546,0.739247312,143.5587885
0.119140513,0.7916599,0.831103679,163.122344
0.097435445,0.8730012,0.745322245,141.8346188
0.130787894,0.95106167,0.758506616,148.8855658
,0.9708707,0.770099668,118.2159897
0.115172066,0.8613298,0.738046448,119.5914708
,0.860363,0.757352941,108.5202506
0.075019054,0.3694146,0.773958333,146.8792821
,0.770488,0.758852259,121.9986691
0.094583206,0.74222493,0.730094467,134.3943825
0.133689612,0.8893052,0.7530619,120.8307429
,0.9533237,0.766540643,115.5210933
0.121743672,0.52326703,0.774785802,141.88824
0.160885781,0.9315935,0.688453159,149.2108416
0.125794604,0.6569625,0.753387534,146.5299204
0.130111009,0.95029193,0.719191919,152.7765358
0.112836108,0.58696795,0.805761317,96.19394315
0.0854185,0.9672973,0.727117486,107.3935705
0.103537261,0.49627414,0.779279279,105.4146375
0.132615119,0.838311,0.794920635,92.4397958
0.123327635,0.7651853,0.786703601,108.1211331
0.081328586,0.57427025,0.723964166,108.167376
0.076396056,0.6195369,0.703962704,103.7876781
0.099155612,0.8048868,0.777489177,136.730429
0.124435902,0.12708504,0.73627451,124.8791303
0.086018197,0.27539116,0.665748393,125.747284
0.090476565,0.9575644,0.770833333,117.2019656
0.116359137,0.7192458,0.780952381,119.4950389
0.082255699,0.040611684,0.79483871,126.8592765
0.175229132,0.82816774,0.724673203,114.2875122
0.137850404,0.2655172,0.732954545,131.6473089
0.110309042,0.10482891,0.78200692,136.2455329
0.15268366,0.5710522,0.748589342,130.1343419
,0.9720569,0.743970315,125.4789081
0.144487172,0.1697032,0.564893617,129.1605969
0.140651643,0.12290636,0.728395062,128.8209461
0.093983881,0.950515,0.776811594,127.2508099
,0.75672495,0.680265655,123.3060671
,0.93815196,0.724780702,125.5861462
0.112136126,0.9060167,0.461342593,116.7299846
0.104784332,0.9146055,0.623697917,117.4789451
0.095320158,0.8272517,0.74964986,116.8631892
,0.92378265,0.713178295,119.8820141
0.122096114,-0.008391175,0.699393939,118.0887289
0.109959617,0.09328934,0.610381488,118.9671794
,0.9101047,0.776579353,114.8884107
0.092369609,0.9781593,0.762222222,120.5422372
0.124358818,0.48535785,0.831604938,112.7459309
0.124288373,0.42441323,0.8,115.6636017
0.101409666,0.3636219,0.691056911,136.6501538
0.111416355,0.16553263,0.680212869,140.7946091
0.119232491,0.53453803,0.772596844,86.49248058
0.166896433,0.77724713,0.786163522,97.23772654
0.108070783,0.6762144,0.776719577,86.96562115
0.175528899,0.810464,0.736,96.53410659
,0.9570209,0.754677755,109.477166
0.104995579,0.9243332,0.797321429,112.124999
0.130594343,0.8314655,0.691798942,94.33724958
0.11342302,0.9045351,0.75147929,95.68363096
,0.82346135,0.75,135.4842354
0.096290968,0.9317876,0.742260062,135.8826124
0.092151299,0.7558184,0.6875,146.7700768
0.102463372,0.37825006,0.701770736,136.0498129
0.095362268,0.7183752,0.743434343,140.6690369
0.090492047,0.5801374,0.755813953,147.2574361
0.12980476,-0.054090437,0.809183673,159.4935038
0.081761546,0.78270066,0.76302521,147.5541885
,0.8625014,0.79374111,126.9205467
0.132689133,0.47286928,0.664711632,149.9548074
,0.9623644,0.797488226,128.1121151
0.101704717,0.82975817,0.753694581,130.1326891
0.125820011,0.33612135,0.757575758,147.2241686
0.084811702,0.7296763,0.786363636,168.2377694
0.141082495,0.5969188,0.759770115,161.6222148
0.195916161,0.37994254,0.728250244,154.1311413
0.197307423,0.65551525,0.754032258,157.7766951
0.131585017,0.95041215,0.762037037,181.7869938
0.188751459,0.28352013,0.808467742,167.7139945
0.123009622,0.29626274,0.772331155,158.0695121
0.104604922,0.9169412,0.65967366,162.4905921
0.105910651,0.86310476,0.781609195,149.3886053
0.079280168,0.29379702,0.784090909,149.9876736
,0.9482622,0.75862069,144.128822
0.104378723,-0.3338588,0.749216301,148.5223263
,0.9652243,0.760998811,149.9078862
0.151502132,0.87116456,0.787915166,152.1369432
0.120860688,0.8421614,0.797697368,140.8660194
0.093814895,0.6387019,0.789450355,144.6460773
0.113656051,0.8002697,0.73951049,149.4794357
0.106369294,0.35126305,0.695578231,148.1312032
0.093824111,0.7203012,0.730042017,154.3257139
0.120691031,0.6576937,0.736660079,151.55398
0.100880705,0.34881085,0.754482759,150.7122572
0.100259058,0.7041033,0.703135889,153.8008608
0.13930288,0.6594485,0.77109375,140.5852467
0.156768769,0.74966323,0.785802469,140.8448405
0.109631754,0.87469256,0.791327913,144.6145707
0.096402727,0.9410624,0.775641026,149.7068214
0.184170589,0.29102668,0.791787791,141.6071
0.18638587,0.25089535,0.769817073,135.7277399
0.143880725,0.73431635,0.792682927,159.7604673
0.138268724,0.6366083,0.762749446,174.8379521
0.086296998,0.84358066,0.781944444,151.0898544
0.10696882,0.8245297,0.791452991,162.9512989
,0.9309022,0.687055477,118.4195248
0.056503363,0.7767294,0.740384615,128.1922033
0.080718338,0.81066346,0.654901961,124.412636
0.112764642,0.611399,0.758928571,142.5886363
,0.9227425,0.666344294,127.3126792
0.058586992,0.6048248,0.751082251,160.5931756
0.092242882,0.8766474,0.755128205,143.2342939
0.092184559,0.9204922,0.798701299,140.4991071
,0.8421646,0.597040169,121.7544681
,0.83796465,0.700166113,128.6225359
0.094712764,0.58139634,0.6816609,154.5402935
,0.52951354,0.782679739,170.3027111
0.06777817,0.933193,0.766510812,178.9402685
0.086820662,0.9558612,0.492957746,183.3751929
0.08988975,0.9481646,0.641576087,213.9832506
0.073829271,0.799625,0.750641026,210.6274176
0.083547048,0.9611516,0.450247001,214.8723112
0.085118122,0.9681765,0.58995098,210.2648421
0.08111877,0.8147813,0.751384275,220.6758423
0.15370056,0.9627231,0.569875776,175.0805507
0.122882098,0.92678916,0.729134665,190.253373
0.108823344,0.6407342,0.762300762,184.5544041
0.151698485,0.9483059,0.407085346,131.302874
,0.95376813,0.463749601,138.9286778
0.15131785,0.92130804,0.658079625,185.6674826
0.161894545,0.93382806,0.607396871,182.676454
0.129817501,0.90695155,0.787046908,187.9000194
0.140101522,0.97101337,0.561608018,188.8663485
0.132243931,0.9801375,0.659883721,179.3951531
0.209870175,0.9592359,0.675774971,116.0142026
0.160809562,0.8799044,0.785060976,113.8328037
,0.95574534,0.767184943,116.4361401
0.164921895,0.9802014,0.768888889,117.2018709
0.125484034,0.8928793,0.563074097,112.0287401
,0.95029736,0.611187371,112.6454617
0.176944613,0.65241265,0.653708503,176.6867194
0.114233054,0.91940343,0.601538462,170.5277928
0.153975531,0.9106219,0.63046595,176.8995841
,0.872836,0.8,167.8767369
,0.7295668,0.747368421,160.4523641
0.091876313,0.94512165,0.74411303,168.1357991
,0.93765026,0.723484848,171.3035579
,0.87926215,0.666399573,170.4867236
0.115555868,0.91701233,0.660458839,163.9584566
0.10579256,0.9775672,0.740987654,163.4250045
0.086866982,0.9319681,0.417602996,152.2285825
,0.83669186,0.608761026,149.1066251
,0.9024345,0.463598584,181.8988861
,0.9666073,0.735342286,177.2417905
0.146478176,0.95181835,0.710298742,175.6283034
0.146770999,0.9322654,0.722344322,178.0070621
0.118329912,0.93608,0.746771879,179.1802454
0.160706416,0.95767146,0.679761905,160.2133674
0.192462713,0.92857206,0.663218794,155.1804607
0.12275549,0.93304235,0.753487253,151.5338745
0.115577854,0.9239646,0.757983193,148.8229939
,0.80347955,0.746031746,145.2842261
0.252141535,0.93844116,0.665618449,236.1084629
0.189330116,0.9650714,0.507044644,252.7288715
0.174846932,0.8825368,0.61502849,243.2504777
0.101985201,0.8668053,0.665294925,231.4486963
0.183464855,0.9447396,0.637288136,175.8604793
0.180995241,0.94579756,0.608977398,170.3295106
0.150170371,0.90289724,0.773076923,175.2407564
0.166874766,0.97405934,0.58984375,157.9777871
0.150045961,0.9827327,0.63492268,156.6256916
