Metadata_treatment,FRET efficiency similarity,Colocalization similarity,A_Extent similarity,T_ SumAverage similarity,A_Eccentricity similarity
A133,0.15396438539028168,0.3573934,0.73125,91.92813607,0.7321439751741468
A133,0.08899529278278351,0.96185726,0.7542147293700089,94.6388898,0.5029134461067659
A133,0.11167621612548828,0.91835976,0.7823228634039445,92.78053105,0.1788343977880018
A133,0.08932391554117203,0.8886702,0.7669642857142858,87.77080933,0.5361713395960047
A133,0.08160623908042908,0.7822684,0.7708994708994709,109.0832782,0.3946492264212165
A133,,0.63324773,0.7778801843317973,112.9477821,0.5055293981774185
A133,,0.7823503,0.7964705882352942,116.4955605,0.43199592319858743
A133,0.11176781356334686,0.817065,0.7716836734693877,121.6933123,0.2595975174594273
A133,0.12398490309715271,0.6274024,0.7777777777777778,115.3623205,0.5924043891913279
A133,0.11255232244729996,0.7694354,0.7731481481481481,124.3011358,0.5514891186184747
A133,,0.7964572,0.7449757449757449,115.5537867,0.34462725960870844
A133,,0.8036251,0.7263814616755794,115.8379662,0.30077718332742925
A133,0.08612661063671112,0.9287257,0.774750830564784,116.5335882,0.6600402054331006
A133,0.09758558124303818,0.9277243,0.769656699889258,117.4336489,0.5990397094088137
A133,0.10491670668125153,0.8147352,0.7444444444444445,128.0376817,0.44439425399122007
A133,0.13897669315338135,0.28408504,0.7805250305250305,141.7835373,0.6482521887891791
A133,0.127554252743721,0.5225668,0.7328798185941043,140.7701452,0.5345651736337932
A133,0.1235523521900177,0.6331806,0.7526881720430108,146.1626316,0.5431688504225214
A133,0.12547524273395538,0.7929295,0.764299182903834,140.9047597,0.5155438186086782
A133,0.13876450061798096,0.7114293,0.7717003567181926,152.1906156,0.4495013785869321
A133,0.14269424974918365,0.1493007,0.6756756756756757,144.6403435,0.39148483473082146
A133,,0.8833643,0.6835799859055673,105.5215704,0.7248982397957558
A133,,0.78961164,0.7387084733109369,102.6002645,0.6821679176710719
A133,0.10381820052862167,0.7778214,0.5723880597014925,93.76309227,0.8909946671812617
A133,0.14779220521450043,0.69937015,0.7082612456747405,95.00758706,0.2011542495885925
A133,0.13875557482242584,0.839944,0.724,98.02722307,0.4097893189343807
A133,0.16664212942123413,0.8592137,0.7646195253241986,95.0550085,0.46644310756308016
A133,0.12684763967990875,0.7434849,0.767512077294686,100.1074578,0.7078468163481167
A133,0.14750836789608002,0.48930532,0.772093023255814,108.6124101,0.4545192941295833
A133,0.1458427459001541,0.9048989,0.7862644415917843,105.9397927,0.3951931641443975
A133,0.13004624843597412,0.91490746,0.8,120.6722999,0.4295746900794758
A133,0.0994342565536499,0.84125453,0.770189701897019,106.0387003,0.5714478793084586
A133,,0.9035138,0.7785326086956522,117.784901,0.7332261313102273
A133,0.1491054743528366,0.87791646,0.7864661654135339,125.7356947,0.37489428508415135
A133,,0.8081093,0.7418831168831169,129.7605884,0.42991047061014825
A133,0.13732656836509705,0.7141107,0.7287946428571429,125.0842707,0.6270657320321567
A133,0.11743839085102081,0.8582296,0.7911111111111111,126.3989849,0.32054635534155773
A133,0.08812733739614487,0.7994522,0.7548872180451128,125.8866768,0.45226576240576116
A133,0.13271674513816833,0.819339,0.6651868294487606,126.6281589,0.7764886960704419
A133,,0.8108671,0.7653846153846153,136.7442152,0.43445338555598834
A133,0.0831797868013382,0.34877843,0.7527027027027027,142.8520946,0.3758191858006275
A133,,0.9163488,0.7352795645719941,138.84369,0.7526834346525878
A133,0.07821643352508545,0.7508422,0.7489564698867024,137.8068727,0.46969299815994875
A133,0.07599474489688873,0.75212115,0.6996865203761755,139.1083069,0.6603886657559788
A133,0.07892441004514694,0.7974057,0.7984962406015037,142.6660164,0.4694521709252033
A133,0.07500824332237244,0.91273177,0.7854122621564482,135.8146521,0.4841657544265836
A133,0.13125339150428772,0.5444133,0.7080610021786492,112.7953688,0.7739147284139428
A133,0.12978331744670868,0.5465956,0.7004437869822485,114.8971639,0.7043816114855813
A133,0.14729714393615723,0.78910255,0.7677777777777778,113.1753554,0.5293439722682348
A133,,0.8300891,0.7612903225806451,108.7956407,0.5803068828695666
A133,0.16374067962169647,0.8843988,0.7357142857142858,110.3527172,0.31686473643725843
A133,0.13668958842754364,0.6957139,0.8217317487266553,104.7356876,0.5876400768658389
A133,0.14518576860427856,0.8521284,0.7575757575757576,131.8598941,0.35119074378381726
A133,0.1662043035030365,0.83524764,0.6932400932400933,110.8624935,0.8886063856034985
A133,0.13672581315040588,0.70076674,0.7867036011080333,133.5528689,0.21249258822737357
A133,0.11733254790306091,0.799624,0.7565298507462687,129.0139276,0.7436861789677719
A133,0.13460436463356018,0.71065253,0.7613711272247857,139.2584021,0.5883379946463624
A133,0.13831745088100433,0.82521015,0.725752508361204,135.2150139,0.5104670542273589
A133,0.10151218622922897,0.8375795,0.7561702127659574,88.36644155,0.5708362550480807
A133,,0.7425325,0.7603890362511052,91.87330317,0.639774599656736
A133,0.11411582678556442,0.49219763,0.746875,88.89450718,0.30604325281059086
A133,0.12658244371414185,0.50780606,0.7575757575757576,95.0692933,0.5093440268013918
A133,0.1522744596004486,0.92125595,0.7441130298273155,89.97080763,0.5612416931928857
A133,0.09050802886486053,0.8060951,0.754813863928113,92.97380289,0.639713198796174
A133,0.09873910248279572,0.857872,0.7481024667931688,94.08017794,0.6567721258035427
A133,0.08527916669845581,0.7238821,0.7309027777777778,89.13833237,0.4780237975615955
A133,0.1331169605255127,0.95568794,0.7948717948717948,94.67081314,0.4381574859239057
A133,,0.5582787,0.6621621621621622,91.47336635,0.7514041335659045
A133,,0.9386266,0.8381410256410257,125.3973034,0.5482802760367504
A133,0.10378128290176392,0.8607949,0.7911111111111111,125.5849738,0.42121502969438646
A133,0.08170094341039658,0.74873114,0.7655007949125596,127.2531118,0.47594825492779663
A133,0.08669441193342209,0.88742495,0.7644183773216031,128.7218464,0.4131612306061994
A133,0.08889973163604736,0.87516165,0.7887624466571835,132.1687829,0.41596023743596255
A133,0.09049778431653976,0.8394061,0.7711038961038961,129.761311,0.5016993180666547
A133,0.1218097060918808,0.3538216,0.7695652173913043,119.5102242,0.4455902078345444
A133,0.10591010749340057,0.7437993,0.7623931623931623,122.3256775,0.23454098611654373
A133,,0.82409894,0.778642936596218,130.8588701,0.3818592285430796
A133,0.12657389044761658,0.84057987,0.66953125,116.8671304,0.6090710645476456
A133,0.1121009886264801,0.90402365,0.7282688093498905,123.2641869,0.5979658407482753
A133,0.11982260644435883,0.70409894,0.8280780780780781,123.9469795,0.34619745430073434
A133,0.16453297436237335,0.37562957,0.8076923076923077,115.2837214,0.4014829542343734
A133,0.1387874037027359,0.8714043,0.758873929008568,112.4709255,0.4546238970776749
A133,0.1375221163034439,0.75092614,0.7927927927927928,114.5485814,0.43878014342275234
A133,0.16456270217895508,0.40325102,0.8167388167388168,110.5772931,0.7587154375238692
A133,0.13861258327960968,0.937744,0.7608024691358025,117.364043,0.3272246591632273
A133,0.15662848949432373,0.9445763,0.7916666666666666,118.9962505,0.42121592603960467
A133,0.13520433008670807,0.7517053,0.7389006342494715,110.1957207,0.5569975525610984
A133,0.10775665938854218,0.353275,0.7037037037037037,112.3644128,0.5166014922247405
A133,0.09898707270622253,0.8753058,0.7585565476190477,97.38658281,0.5150215788070476
A133,,0.75966483,0.6878048780487804,99.58672317,0.7479107025701159
A133,,0.7719995,0.7528344671201814,104.9748912,0.5641914669585584
A133,,0.89377856,0.7815217391304348,102.2107336,0.4755537574453496
A133,0.156071737408638,0.5319934,0.7936507936507936,95.58825402,0.30289453320880333
A133,0.1672932356595993,0.7905115,0.8010204081632653,96.70324374,0.594303805437671
A133,0.14872419834136963,0.8387884,0.5519900497512438,112.5667024,0.7680729712306194
A133,0.16127073764801025,0.87370425,0.7842881944444444,95.81732779,0.4746696849281937
A133,0.13860361278057098,0.8161861,0.724290780141844,101.9794756,0.7737041114766577
A133,0.12536291778087616,0.8121782,0.7601168126825198,94.69077173,0.5251752430977711
A133,,0.8333273,0.7862644415917843,132.1807497,0.32877444946780005
A133,0.06935330480337143,0.30010328,0.7888157894736842,131.7806033,0.299655868768583
A133,0.191679447889328,0.90268135,0.7171590194846009,129.9173744,0.5050993991618201
A133,0.08561183512210846,0.4790433,0.7736111111111111,141.7723934,0.5964312520732377
A133,0.06100849062204361,0.74324316,0.7910714285714285,130.7616609,0.34211238300059355
A133,0.049459487199783325,0.74882454,0.6893617021276596,127.4262517,0.5047150588819814
A133,0.05472037196159363,0.7119289,0.7792874396135265,144.2860183,0.7505304212722413
A133,0.07715053111314774,0.9000143,0.7491830065359477,132.2347157,0.42767053506460334
A133,0.06405645608901978,0.8774178,0.7464646464646465,142.7466096,0.6066297264676198
A133,0.05581468716263771,0.88229424,0.7908163265306123,126.174738,0.5658798132188201
A133,0.04350648075342178,0.86881864,0.7733990147783252,131.994049,0.5275728880369248
A133,0.058692481368780136,0.8366587,0.7104642014162077,137.9115713,0.6736446260568525
A133,0.09999275952577591,0.6387563,0.7109190887666929,134.149909,0.6019807223757812
A133,,0.95020425,0.7807807807807807,142.9902642,0.6891667204830182
A133,0.06351205706596375,0.71931785,0.7424812030075187,135.4725345,0.5564437604656134
A133,0.1014687642455101,0.5402477,0.7659854976928148,133.6118931,0.43004835392709095
A133,0.1199464276432991,0.7244143,0.7933333333333333,129.250226,0.45966793690447727
A133,0.05946200340986252,0.953444,0.759545923632611,132.7116783,0.6988796643868035
A133,,0.85883844,0.7126984126984127,99.49321034,0.6538059390509686
A133,0.09213221073150635,0.2401991,0.6871455576559546,101.4295839,0.3954722892970577
A133,0.09850964695215225,-0.2605139,0.7700348432055749,105.256171,0.5616521796139894
A133,0.06674961745738983,0.7477654,0.703125,92.28808542,0.7301308695128614
A133,0.08823216706514359,0.89240134,0.7635467980295566,109.5549824,0.5235351401909488
A133,0.082203708589077,0.92338395,0.7802083333333333,100.4972442,0.4435931082373065
A133,0.08900689333677292,0.8060839,0.7253384912959381,99.53292141,0.47386312350083826
A133,0.0855497419834137,0.91248554,0.7776809067131648,129.5299122,0.6108330505085653
A133,0.10715331882238388,0.951033,0.8087291399229781,132.0193281,0.3883086114074937
A133,0.05569015070796013,0.66471624,0.7103174603174603,134.2071844,0.6528486923536588
A133,,0.9665859,0.7406015037593985,137.1860418,0.7149318446220819
A133,0.07822052389383316,0.80850714,0.7944688874921433,144.1798102,0.5100757735971486
A133,0.09193810075521469,-0.087395266,0.7724486116119726,132.8800543,0.6236446086951671
A133,0.06383220851421356,0.7144151,0.7785285285285285,130.2752965,0.27923821973740376
A133,0.07480625063180923,0.9245975,0.7517241379310344,139.5040025,0.5572764338931969
A133,0.06433305144309998,0.96158355,0.75973832887303,120.9262515,0.5376792768356184
A133,,0.9324869,0.7808510638297872,131.6192673,0.5708277097016162
A133,0.04822377860546112,0.617722,0.746606334841629,136.395524,0.6521399215788162
A133,0.07218852639198303,0.4987919,0.7733333333333333,123.1001231,0.48069275200531925
A133,0.08487910777330399,0.7228881,0.7447368421052631,130.8565366,0.41581528890319336
A133,0.07584946602582932,0.65381527,0.762962962962963,134.2610395,0.6328139559910139
A133,0.058635178953409195,0.8144802,0.7777777777777778,119.9922463,0.13796724505166896
A133,,0.83914775,0.6918767507002801,125.2691469,0.7614170795598477
A133,,0.93460244,0.7919753086419753,132.1202944,0.6435544174435325
A133,,0.9226484,0.7289992695398101,136.3115644,0.20213793510615363
A133,,0.9052959,0.7466329966329966,120.310565,0.5382960822455828
A133,0.04392648860812187,0.65380013,0.7879256965944272,121.054692,0.4142306237925944
A133,0.041919950395822525,0.72606015,0.7307142857142858,120.9067385,0.7075056912220611
A133,0.06976354122161865,0.44953528,0.7247619047619047,143.8736083,0.5797161115131604
A133,0.10045848786830902,0.8888619,0.7461538461538462,147.9879887,0.3995774861174813
A133,,0.88770694,0.763840830449827,154.2557493,0.16710085325264973
A133,,0.81822383,0.7175925925925926,161.2336567,0.54978793170127
A133,0.0981714278459549,0.57693774,0.7726923076923077,76.50354847,0.5133065040761855
A133,0.11238685995340347,0.63825786,0.7088122605363985,76.88757341,0.6710510851371124
A133,0.10812432318925858,0.8949371,0.7865557865557865,81.48178526,0.3738446999330817
A133,0.125913605093956,0.8805037,0.7941810344827587,85.05597491,0.5585259408080667
A133,0.11902741342782974,0.71524715,0.7352415026833632,75.19350679,0.6732146811207133
A133,0.10360200703144073,0.49842477,0.7154882154882155,74.94573715,0.6564560108508395
A133,,0.93232405,0.791992188,75.21449226,0.2557088416891569
A133,0.0605878047645092,0.91240734,0.8222222222222222,128.8281726,0.5595375642218016
A133,0.06567621231079102,0.80263144,0.6547368421052632,130.8839786,0.7285777081189496
A133,0.083390973508358,0.71396375,0.7327659574468085,120.0931562,0.6746781520504747
A133,0.06773804128170013,0.9497148,0.6941860465116279,113.6312926,0.3927620611780344
A133,0.05832023546099663,0.9245031,0.729420731707317,120.4815626,0.692057057553795
A133,0.084514319896698,0.63279057,0.7668997668997669,124.2151876,0.4592623544449656
A133,,0.69857395,0.7085068411659726,122.6788335,0.31310101089435977
A133,0.20587128400802612,0.20416047,0.7892307692307692,98.12728358,0.4974318462957266
A133,0.07132293283939362,0.6907781,0.7631944444444444,99.53474435,0.5590562491174438
A133,0.06522436439990997,0.6247345,0.7591397849462366,111.9298499,0.5246393340519807
A133,,0.9173142,0.7478298611111112,107.1391002,0.5812882625380598
A133,0.08570007979869843,0.41850734,0.7378378378378379,103.0675044,0.5305833402968753
A133,,0.9324069,0.7455072463768115,101.3854169,0.7074884420219784
A133,0.07548798620700836,0.9245704,0.7597069597069597,96.61924134,0.4849651844871013
A133,0.1596810668706894,0.52850974,0.7716049382716049,141.33197,0.4620814170075314
A133,0.0767611637711525,0.9160847,0.766023166023166,134.1299613,0.5738571374020704
A133,,0.8136692,0.792,141.7135059,0.5125957911003763
A133,,0.70146984,0.7967032967032966,151.0146587,0.4702501247176218
A133,0.07105523347854614,0.8999239,0.7955555555555556,137.0077754,0.3092065047168653
A133,0.0923631489276886,0.21739972,0.7025462962962963,136.2337444,0.7184121859107745
A133,0.11655440926551819,0.801384,0.8020512820512821,142.4487729,0.7580926016177347
A133,0.048831354826688766,0.42852676,0.7735042735042735,143.7250534,0.42806297812571215
A133,0.07319928705692291,0.45207456,0.676954732510288,136.0322491,0.46847799524693257
A133,0.06459302455186844,0.8538468,0.8277027027027027,139.1827903,0.40941536240954257
A133,0.06303254514932632,0.5265949,0.7341961174713788,137.4980975,0.6252377099183041
A133,0.07526148110628128,0.90669334,0.6976007243096424,135.4982152,0.69812864062055
A133,0.05889223515987396,0.66070324,0.7532976827094474,157.2574318,0.4033713829431468
A133,0.09071484953165054,0.44805118,0.7679045092838196,158.2703358,0.637800217882444
A133,0.058698493987321854,0.6752631,0.7922051282051282,150.1012722,0.6424908653133184
A133,0.07051137089729309,0.78039443,0.77375,155.8581214,0.34550695412524657
A133,0.07482051104307175,0.644772,0.7038777908343126,122.2602385,0.6731275412251619
A133,0.09660553932189941,0.43713048,0.7496296296296296,124.155996,0.6171261484998062
A133,0.07303790003061295,0.4230813,0.7826388888888889,128.8476502,0.5699419499730917
A133,,0.97957444,0.7386473429951691,123.7020372,0.272568867657778
A133,0.04877493903040886,0.73151225,0.6484472049689441,124.8962108,0.8095931161090391
A133,,0.8927647,0.7401285583103765,128.1614365,0.26744436993846543
A133,0.04977070912718773,0.8697876,0.8108465608465608,122.4944093,0.42611374707699806
A133,0.08115489035844803,0.7162596,0.7488425925925926,121.8904516,0.6984831868494307
A133,0.061959702521562576,0.90884984,0.7528735632183908,123.1880744,0.44367768590386986
A133,0.09474185109138489,0.9395965,0.7637867647058824,119.915656,0.6097142404366991
A133,0.09239548444747925,0.8219501,0.6906666666666667,128.8120943,0.7268730755159327
A133,0.10138191282749176,0.7899267,0.7759538598047915,124.70675,0.3518512678214283
A133,0.1095450222492218,0.8836037,0.717391304347826,123.221835,0.7411203875911563
A133,0.10081247240304947,0.69784415,0.7814712219144352,129.2596185,0.42666852820566153
A133,,0.8869418,0.7711249789171867,125.8431261,0.22406631151575318
A133,0.08496570587158203,0.70637006,0.7002567394094994,140.7971611,0.7250161328502152
A133,0.0747014656662941,0.7156552,0.7810550198525241,133.7566028,0.4066909326880583
A133,0.0790032148361206,0.7003292,0.7014042867701404,143.4171316,0.782342808982533
A133,0.11178181320428848,0.009799471,0.7074652777777778,151.5140782,0.55500294002507
A133,0.11962517350912094,0.18828905,0.7467105263157895,154.4839735,0.2853364550672829
A133,0.07629882544279099,0.52866304,0.6638157894736842,136.49527,0.4147125555372482
A133,0.08125241100788116,0.90951484,0.7156019656019657,142.6085412,0.6265038332516648
A133,0.09708666056394577,0.83487415,0.7749658002735978,160.9102712,0.6294346494688958
A133,0.09325014054775238,0.2767895,0.7530246141009596,118.5995944,0.4018217689537431
A133,0.08836917579174042,0.6240321,0.7443581206067332,115.0897095,0.7098852554226743
A133,0.13371595740318298,0.89843875,0.7838345864661654,118.6627191,0.5840585548750291
A133,0.1098657175898552,0.57252467,0.7735714285714286,116.9250166,0.4952403170296814
A133,0.08943863958120346,0.8493266,0.7678855325914149,115.548214,0.4341243605390212
A133,0.10441724956035614,0.68291235,0.7736928104575164,120.4086883,0.4052066586415596
A133,0.09677890688180923,0.5895727,0.7569252077562327,114.8752837,0.3766008982640129
A133,0.10047879815101624,0.8588581,0.736764705882353,110.9374546,0.6261868790215785
A133,,0.6272313,0.6514778325123153,117.2467024,0.6137123812918537
A133,0.14557825028896332,0.42693955,0.7800480769230769,117.829813,0.6075041759622384
A133,0.0787220150232315,0.46216846,0.7795454545454545,125.4272847,0.5548811842463935
A133,,0.8826004,0.7666666666666667,124.0826949,0.4057864174395902
A133,0.11561240255832672,0.72954893,0.8058712121212122,124.6259155,0.2962715059836635
A133,0.10999941825866699,0.8299715,0.75625,126.5048229,0.6956575601799667
A133,0.08485396206378937,0.6381507,0.7288043478260869,126.7151877,0.4923349016402287
A133,0.09850340336561203,0.85806644,0.7704761904761904,139.0060316,0.6231962336586117
A133,0.1179691031575203,0.042840973,0.7960526315789473,135.5045451,0.5724439597046416
A133,0.09688619524240494,0.7227788,0.7286956521739131,130.8644957,0.6896512099612054
A133,0.09999433159828186,0.7784595,0.7423469387755102,128.9254095,0.6573176774621541
A133,,0.70208514,0.7908961593172119,136.3662584,0.4596102345100973
A133,0.1094144880771637,0.6089846,0.78,140.0507943,0.2383998454505222
A133,0.09800971299409866,0.92835593,0.7590425531914894,117.2269174,0.5272286577129619
A133,0.10172800719738007,0.9149681,0.7754988913525499,122.021211,0.3497249674503471
A133,0.11383386701345444,0.5807591,0.7516908212560387,123.074137,0.5519799087019581
A133,0.08788302540779114,0.81067926,0.7544466403162056,122.4499587,0.3506155132585725
A133,0.11358912289142609,0.8533478,0.7894736842105263,126.0595833,0.3038613977778553
A133,,0.88268846,0.7302564102564103,126.9356776,0.6875425162557328
A133,0.09696279466152191,0.87964284,0.7320885801128962,116.7219787,0.35944892461145606
A133,0.1734897345304489,0.87421596,0.7931034482758621,124.2085568,0.568146323613149
A133,0.08934818208217621,0.7991159,0.7107930828861061,117.5972335,0.616335432023513
A133,0.16933967173099518,0.7483578,0.6924012158054711,92.18675604,0.6482701025382047
A133,0.136613667011261,0.6315527,0.7567901234567901,99.58993118,0.47051626286752996
A133,0.1275685727596283,0.62453276,0.7215836526181354,95.48455016,0.6947976948762593
A133,0.17115263640880585,0.5710627,0.8014285714285714,98.96569503,0.431871241403701
A133,0.12822963297367096,0.5875976,0.6519607843137255,98.65875516,0.7057411386708903
A133,0.11994729191064835,0.88019276,0.7922077922077922,103.3428134,0.3126390058160594
A133,0.12340187281370163,0.8385692,0.7557624113475178,99.92475338,0.5942881100274987
A133,0.15863481163978577,0.8792222,0.7352272727272727,91.22260228,0.6110335992946289
A133,0.1311766356229782,0.26074916,0.7507763975155279,99.36135731,0.5782511701066215
A133,0.12580803036689758,0.8658202,0.7709677419354839,98.36420271,0.35371753868874967
A133,0.12206057459115982,-0.003365949,0.7373737373737373,98.92713627,0.7611109908666633
A133,0.11942685395479202,0.67607003,0.7891666666666667,102.9605964,0.6838629079867613
A133,0.09159677475690842,0.88070834,0.7385964912280701,95.16431393,0.4891662095059201
A133,0.12742477655410767,0.9362545,0.7886029411764706,93.57293726,0.33251680404599554
A133,0.10656403005123138,0.611606,0.7781954887218046,98.52497535,0.4483487508429114
A133,0.08284701406955719,0.8027224,0.7558497536945813,95.2768366,0.526274178620797
A133,0.10252580046653748,0.26708168,0.7646616541353384,100.9226583,0.397873528782096
A133,0.08177926391363144,0.7082751,0.7288043478260869,90.44498931,0.7468378907001876
A133,0.09103944897651672,0.6515542,0.774390243902439,97.6234743,0.5144616343353369
A133,0.07721199840307236,0.8179335,0.7388972323535722,100.3507765,0.6808109549112032
A133,0.09242178499698639,0.81238174,0.6575,99.04089069,0.7162162381910311
A133,0.0355796255171299,0.17966357,0.7502131287297528,92.60015994,0.8962483055034587
A133,0.0987473800778389,0.66478693,0.6326599326599327,110.4493813,0.8382123002455569
A133,0.10677368938922882,0.62514865,0.7428104575163399,109.6174316,0.5540359165905338
A133,0.09486504644155502,0.24663594,0.7228163992869875,113.6666797,0.6092424136489607
A133,0.10113012790679932,0.915393,0.7621428571428571,117.1169308,0.47532682786968417
A133,,0.8286215,0.763095238095238,112.9807416,0.576902419173182
A133,0.13761985301971436,0.8676027,0.7958333333333333,110.400302,0.4690491534092721
A133,0.10750456899404526,0.88127726,0.7610447346485135,112.6520169,0.4757815695793259
A133,0.07280635833740234,0.55168796,0.7529761904761905,112.1354257,0.48017720273962333
A133,0.08714427798986435,0.39197555,0.7664141414141414,115.545615,0.6901129363269031
A133,0.07014783471822739,0.7581141,0.7145979020979021,106.5763041,0.6488621596471834
A133,,0.43192905,0.7727272727272727,114.3369001,0.6959470388180328
A133,,0.8793947,0.7583947583947583,111.0198622,0.6044193905785192
A133,0.10813843458890915,0.48486662,0.793952967525196,122.6364697,0.6487503044307487
A133,0.10561267286539078,0.32775104,0.6662337662337663,129.5836517,0.6619857554275614
A133,0.07318901270627975,0.79314005,0.7093023255813954,112.1844936,0.49625611856456536
A133,0.10980889201164246,0.20304509,0.7174031642116748,131.1203433,0.6565913763654474
A133,0.10226055234670639,0.29144755,0.7905982905982906,129.5625232,0.5520121970694547
A133,0.06609907746315002,0.7717489,0.764327485380117,122.2189245,0.592275705925734
A133,0.074732206761837,0.8315747,0.7392857142857143,134.5559005,0.4360242036216638
A133,,0.90060186,0.7816949152542373,117.2635044,0.5288634299286944
A133,0.12437457591295242,0.9634935,0.607399577167019,131.2710366,0.8789173854924917
A133,0.10383488982915878,0.7757174,0.6799102132435466,122.0374993,0.7663924302906396
A133,0.0870966836810112,0.5047033,0.7505050505050505,121.4008806,0.49145577392316864
A133,0.08371468633413315,0.13664196,0.7840579710144927,124.6429851,0.4842085702652356
A133,0.08368934690952301,0.24368827,0.7753267973856209,129.896763,0.42096246311362917
A133,0.0940016657114029,0.41090083,0.7601078167115903,127.4720743,0.6005179527187502
A133,0.08159390836954117,0.102138355,0.7971631205673759,115.9983835,0.6562009558231603
A133,0.12056361138820648,-0.078617305,0.7462462462462462,120.5227325,0.7414444289946429
A133,0.09006350487470627,0.59029555,0.7759353741496599,119.1985786,0.2682260832890053
A133,0.10858134180307388,-0.31255236,0.7367864693446089,125.5371902,0.6037724522341682
A133,0.08490145206451416,0.5956963,0.5387174833635814,129.7554807,0.9053382465505123
A133,0.07483722269535065,0.60135615,0.7039532794249775,133.6710328,0.784282807307543
A133,0.1450473815202713,0.80769825,0.7932940309506263,120.2543633,0.636424685052555
A133,0.08573945611715317,0.79330355,0.7536157024793388,138.7781055,0.6717007291601829
A133,0.0926276370882988,0.0442663,0.7527173913043478,127.6657783,0.494002556260129
A133,0.08333566784858704,0.6998569,0.7750582750582751,136.8684001,0.4880313472134767
A133,0.11351004242897034,0.72541517,0.7216931216931217,128.35613,0.42879954452500935
A133,,0.89793,0.7320276497695852,99.35938541,0.6833324071723066
A133,0.16527535021305084,0.8878913,0.7846981930026913,94.90428315,0.2551019224541488
A133,0.09069360792636871,0.8199506,0.7828106852497096,100.5033913,0.2722622231377222
A133,0.07903134822845459,0.81940055,0.7724137931034483,98.79172768,0.5478082522668378
A133,0.1415654718875885,0.945575,0.790017825311943,96.26765143,0.420285420200426
A133,0.0927741751074791,0.8501239,0.7981269510926119,93.06788257,0.3814115813872286
A133,0.11597041040658951,0.951911,0.7501643655489809,114.8277175,0.49923937679640623
A133,0.09211299568414688,0.7254697,0.6479591836734694,115.3858348,0.7548216114384521
A133,0.10093522816896439,0.91675043,0.7680878552971576,113.6785107,0.6062779614996622
A133,0.09932273626327515,0.41967607,0.7410256410256411,113.3473284,0.6949118014656385
A133,0.09206368029117584,0.5263035,0.6962962962962963,110.0409012,0.6063177815596648
A133,0.10709165781736374,0.11084427,0.791869918699187,111.8975659,0.5856014533831524
A133,0.0984068438410759,0.4581672,0.745945945945946,108.2737903,0.6830681737854988
A133,0.09731289744377136,0.8883606,0.7955555555555556,113.1822268,0.460820308458266
A133,0.0930728018283844,0.6745723,0.7607655502392344,110.9050838,0.7074719340309793
A133,,0.9303104,0.7586206896551724,103.4809577,0.49265834348585735
A133,0.09847372770309448,0.818918,0.7372685185185185,106.4333102,0.6236321474275246
A133,,0.94941115,0.75,104.4616392,0.682294069235611
A133,0.1074768602848053,0.614464,0.7804054054054054,105.7871499,0.6219180014669808
A133,0.08327266573905945,0.7993245,0.7592165898617511,109.6912471,0.5421987137291358
A133,0.11656147241592407,0.79004323,0.778344671201814,102.0774495,0.4778549183510102
A133,0.12328269332647324,0.64999926,0.7942857142857143,107.7057179,0.5212199005691966
A133,0.0856097936630249,0.61658037,0.7889664340312396,104.1852698,0.5151524690610436
A133,0.08135341852903366,0.25656995,0.7011337868480726,149.1407805,0.7333760104401663
A133,0.07354331016540527,0.54100305,0.7625,147.8197752,0.7524675924653332
A133,0.17898808419704437,0.77955264,0.7198863636363636,157.3176356,0.48321443075504866
A133,0.08337710797786713,0.6843873,0.7881136950904393,154.5372095,0.504528321615689
A133,0.09020616859197617,0.5670967,0.6385920804525456,162.0673892,0.644011243128553
A133,0.09637023508548737,0.75068367,0.7586206896551724,176.4972241,0.4961323338345561
A133,0.1408657729625702,0.9321948,0.7428337428337428,139.1419095,0.4509134380177964
A133,0.10554414987564087,0.8647611,0.7529839128178516,145.0563483,0.5546676752403147
A133,0.07851377874612808,0.57622856,0.7873263888888888,156.3275321,0.4609094749929356
A133,0.11919854581356049,0.017745838,0.7745197168857432,125.966006,0.3083749997247443
A133,0.10848447680473328,0.30544528,0.7488913525498891,132.0785912,0.4215184688245979
A133,0.12238258123397827,0.93199867,0.7391941391941392,133.9188478,0.5271967771699403
A133,0.10750292241573334,0.85492414,0.7355371900826446,132.7426191,0.12486025259751612
A133,0.09612549841403961,0.5279461,0.6932746700188561,144.7802087,0.5475084470421636
A133,0.07421287894248962,0.3679161,0.7692967409948542,131.8691451,0.6413880856126487
A133,,0.87446254,0.7736111111111111,125.4426558,0.5438582200760639
A133,,0.963205,0.7768505079825835,134.522689,0.47258313770734806
A133,0.0928875207901001,0.80257845,0.7843915343915344,147.3002897,0.4275381389606311
A133,0.07488314062356949,0.84538347,0.7828282828282829,147.9048926,0.42680371634450304
A133,0.11520103365182877,0.6510856,0.7003590168461751,141.8707506,0.7282857553384406
A133,0.2132161557674408,0.3220286,0.7489648033126294,80.31392873,0.5491625877704721
A133,0.14530211687088013,-0.14618096,0.6920930232558139,77.62038526,0.7054172732019918
A133,0.12217068672180176,0.43448916,0.8032150776053215,81.30700111,0.4239304513091861
A133,0.15235558152198792,0.34473366,0.7199074074074074,81.48613652,0.5571051407068559
A133,0.15125595033168793,-0.0782612,0.7341269841269841,85.95578636,0.6054735628010652
A133,0.13322298228740692,0.8951772,0.799889135254989,89.58223796,0.38835268102323
A133,0.1275385320186615,0.8132575,0.7788324632178453,80.68411375,0.47978710311314476
A133,0.12762658298015594,0.85349965,0.8001730103806228,82.74119142,0.35704790553186955
A133,0.1191004067659378,0.8728204,0.5979052823315119,80.33360289,0.8802567511541121
A133,0.10145199298858643,0.8846928,0.7192982456140351,105.6915936,0.682869348196295
A133,0.12396784871816635,0.91854936,0.7339302846178446,105.4215991,0.4545993911931197
A133,0.09605278819799423,0.86561006,0.7400555041628122,107.080028,0.1978495214464605
A133,0.13469792902469635,0.7335763,0.7919540229885057,113.9019505,0.34385914868127165
A133,0.09498045593500137,0.73732126,0.7511792452830188,99.81020686,0.6502000687155839
A133,0.10940346866846085,0.7697852,0.7820823244552058,103.0380042,0.7031371713337787
A133,,0.9278126,0.8172043010752689,109.197035,0.5138747851273707
A133,,0.9601725,0.7655172413793103,107.8268253,0.6115595032861908
A133,0.10385067015886307,0.7644083,0.7691154422788605,115.4268681,0.5907474367604754
A133,0.09475169330835342,0.692564,0.7835587929240374,118.9697202,0.28437097260541894
A133,0.12893879413604736,0.96752137,0.6076151390788874,114.8135664,0.9091352538733489
A133,0.11559484899044037,0.8036239,0.4912442396313364,105.8788435,0.9264544328822497
A133,0.10657840967178345,0.46259147,0.7647058823529411,115.9026495,0.49869905220309024
A133,0.10536366701126099,0.052654102,0.7780748663101604,116.8283377,0.37235846225128116
A133,0.07471287995576859,0.7024785,0.775,109.5926579,0.42349115218075745
A133,0.11878496408462524,0.8761838,0.74375,123.3184639,0.5851238271446989
A133,0.09581893682479858,0.87888205,0.7473404255319149,111.7481841,0.28342504302419697
A133,0.11765634268522263,0.5065305,0.760093896713615,116.7547809,0.6168724264222546
A133,,0.65805244,0.775089605734767,115.5332028,0.650603656829794
A133,0.08769189566373825,0.7692293,0.7829268292682927,75.81765951,0.49313318528345357
A133,0.0974244549870491,0.7774512,0.7732558139534884,73.50078494,0.4061353437535355
A133,0.1198437362909317,0.48800868,0.7185911401597677,76.00679668,0.26962914494443296
A133,0.12302720546722412,0.9700017,0.7931623931623931,75.17075109,0.6310003515982137
A133,0.12371618300676346,0.8998078,0.7763532763532763,82.73099883,0.3646435310504618
A133,0.13283777236938477,0.8788437,0.7914951989026063,78.88549708,0.31188527450020503
A133,0.1376190334558487,0.97294724,0.7917448405253283,78.60650354,0.29877780441500223
A133,0.12235552817583084,0.4177736,0.7540849673202614,74.55267245,0.3542257739397881
A133,0.1361890733242035,0.79633516,0.8073979591836735,76.98686826,0.42111098559384413
A133,0.09411904960870743,0.8338038,0.780241935483871,83.4197715,0.31718841519256147
A133,0.11846901476383209,0.9552773,0.7701612903225806,70.53436951,0.3449102366902864
A133,0.13869404792785645,0.5559562,0.7751322751322751,78.1089025,0.5379797038145089
A133,0.11234460771083832,0.59500396,0.7893217893217893,114.7088914,0.6749900465240916
A133,0.09320490807294846,0.7271403,0.790948275862069,115.0220364,0.3890980204939941
A133,0.11853724718093872,0.74255586,0.7327893931667516,114.7008825,0.7190353036520771
A133,0.13020096719264984,0.9242524,0.651875,119.6731499,0.5940956102479604
A133,0.11118876188993454,0.91021776,0.8172043010752689,120.7217088,0.5279475120687789
A133,0.11189785599708557,0.68649924,0.8254716981132075,114.3150928,0.4209593722619238
A133,0.1262090802192688,0.7419069,0.7697441601779755,107.3718301,0.4143840434083077
A133,0.10690375417470932,0.5326092,0.7931235431235432,120.7795396,0.48164171197944394
A133,0.16945073008537292,0.91354895,0.7448275862068966,115.6457274,0.48832902914647974
A133,0.10354765504598618,0.58956844,0.7907268170426065,120.9110539,0.4176543738946353
A133,,0.8953906,0.7258064516129032,120.2108121,0.5722667809492358
A133,0.2561770975589752,0.7632355,0.7335069444444444,116.6272018,0.7123099540878327
A133,0.1083274707198143,0.5625346,0.778642936596218,124.2805575,0.36887697196619174
A133,0.1288774311542511,0.9007209,0.7551020408163265,112.2428279,0.6728035769031965
A133,,0.95519876,0.7386363636363636,96.03768601,0.50127730319108
A133,,0.9481812,0.7592112091333679,106.6170374,0.5211479785783623
A133,,0.94135475,0.7870257037943696,104.8521321,0.486492386329702
A133,,0.88493943,0.7474645030425964,111.3932875,0.5958100838189557
A133,0.13565166294574738,0.85310805,0.7691729323308271,104.4189996,0.5351859205586299
A133,0.1237276941537857,0.83488196,0.7401215805471124,129.7232932,0.5632139681003646
A133,0.09127963334321976,0.76732755,0.783969728242174,140.0004576,0.6119320348538428
A133,0.1000313013792038,0.83113027,0.7894736842105263,132.6956464,0.5097303695895837
A133,0.11096547544002533,0.82411015,0.7970909090909091,75.22205545,0.42922992436731744
A133,0.1108521968126297,0.91680026,0.7819940476190477,75.05392908,0.6502041175304497
A133,0.12538859248161316,0.7234391,0.7964396284829721,82.59239255,0.4624451394208865
A133,0.11283556371927261,0.38859004,0.7868589743589743,77.38025861,0.6261221707452886
A133,0.11594988405704498,0.49315405,0.6979761286974572,80.20604004,0.614979933804418
A133,,0.925682,0.7507716049382716,78.12597091,0.5065099287542498
A133,0.09857991337776184,0.7942875,0.7593582887700535,82.02735142,0.38395973800868394
A133,0.09096821397542953,0.57988405,0.7718023255813954,104.3843923,0.4920192050597037
A133,0.09595205634832382,0.90850455,0.6097560975609756,103.8998512,0.7584367028232423
A133,0.11158737540245056,0.5878776,0.7171052631578947,104.0044418,0.5454716087351398
A133,0.1270277500152588,0.902775,0.7964527027027027,103.3196537,0.5123869848950539
A133,0.11389004439115524,0.93960476,0.7480127186009539,102.2561928,0.5471127589008689
A133,0.14449264109134674,0.83734477,0.7674603174603175,97.85846144,0.41572583625632503
A133,0.0781019926071167,0.8461203,0.6886395511921458,103.3192414,0.8269736025385482
A133,0.08400697261095047,0.952484,0.7915632754342432,110.9041913,0.5590453958047623
A133,0.11935368925333023,0.2887013,0.7068965517241379,106.6779746,0.7406545941018631
A133,0.11566325277090073,0.6746343,0.7790905836018618,108.5969168,0.5319831397364728
A133,0.09242623299360275,0.4831267,0.804945054945055,114.2172109,0.5249425884237582
A133,0.13978570699691772,0.48951992,0.7777777777777778,121.4127177,0.3173929167600028
A133,0.11464445292949677,0.55679196,0.7704402515723271,109.9468351,0.6324336461435722
A133,0.10265784710645676,0.545369,0.7800480769230769,114.6552373,0.5706131012088955
A133,0.08056244999170303,0.45459524,0.7911458333333333,114.1316495,0.582996411047467
A133,0.13866035640239716,0.6996594,0.7208163265306122,135.5775276,0.5853043823247474
A133,,0.8274343,0.7719512195121951,134.3202585,0.2896754775615203
A133,0.10913794487714767,0.68111086,0.7807017543859649,122.6468712,0.36851531552076994
A133,0.08269540965557098,0.90965486,0.7857142857142857,148.5606032,0.4659383728599256
A133,0.14715246856212616,0.7789973,0.7927927927927928,134.0093674,0.4086866116584593
A133,0.22144365310668945,0.9149878,0.7640816326530612,134.4860433,0.31931793103953227
A133,0.16641677916049957,0.70436186,0.7454268292682927,141.215555,0.6570710921190246
A133,,0.8709016,0.7344789356984479,150.4618328,0.4926676613620661
A133,0.15525038540363312,0.83400977,0.7653061224489796,156.5556192,0.6303821652976065
A133,0.17626754939556122,0.23485842,0.8299039780521262,135.3500922,0.42859285701437977
A133,0.16753725707530975,0.50296396,0.7671370967741935,137.3970351,0.4133244294615068
A133,0.17822954058647156,0.58159506,0.7627551020408163,135.1631564,0.5497301611797625
A133,0.08826915919780731,0.6860606,0.7146464646464646,129.5019054,0.7015956720544604
A133,,0.8207811,0.8198581560283688,125.5938666,0.16754980855156323
A133,,0.62135977,0.6715116279069767,129.5191957,0.6467850991739231
A133,0.3384941518306732,0.84728056,0.7374677002583979,129.2152997,0.47814799320390144
A133,0.11266987770795822,0.8600724,0.796875,131.7761347,0.2326664320539615
A133,0.11211857199668884,0.925145,0.7890243902439025,124.314775,0.3268915729698054
A133,0.10775477439165115,0.5714195,0.6925813008130082,127.0045415,0.5666820704710309
A133,0.0949137881398201,0.85212314,0.7609797297297297,130.6370043,0.5145856026654837
A133,0.18580925464630127,0.88824904,0.7572916666666667,86.0809996,0.3959629621357421
A133,0.1801839917898178,0.9258925,0.7429467084639498,87.8024283,0.5618044866012032
A133,0.08240776509046555,0.386459,0.7672413793103449,90.36261907,0.7120269126135541
A133,0.0806199312210083,0.5210867,0.7660984848484849,88.59583898,0.5173275904066006
A133,0.14174029231071472,0.9068013,0.790948275862069,91.77061686,0.5999773472450574
A133,0.09856316447257996,-0.11922081,0.7730496453900709,87.25339324,0.2688631868527062
A133,0.10572795569896698,0.6067254,0.7485768500948766,94.09054284,0.4841701494624191
A133,0.11657115072011948,0.866949,0.7869147659063626,83.89093003,0.7426083838249273
A133,0.1059855967760086,0.8679836,0.7620192307692307,83.92913367,0.6235145940391906
A133,0.13913536071777344,0.85909057,0.7777777777777778,131.6477559,0.3253259429697474
A133,0.10008721053600311,0.52390605,0.6952469711090401,137.7044651,0.6548872997872169
A133,0.11230136454105377,0.7830158,0.6096491228070176,162.7597709,0.8183779784643221
A133,0.09624111652374268,0.6849586,0.7825851811790157,172.2247231,0.10821641325969611
A133,0.10671781748533249,0.72347164,0.7790332705586943,154.4905695,0.44126112843574256
A133,0.09876708686351776,0.66589755,0.7152777777777778,91.48160617,0.6037890973926202
A133,0.1145804226398468,0.6498888,0.7863894139886578,102.119873,0.20673105450712084
A133,0.08606301993131638,0.86666363,0.7716275659824047,126.8484773,0.7363211858002428
A133,0.08837912976741791,0.70728695,0.7746598639455783,136.3107967,0.26192103305344605
A133,0.09707143902778625,0.8692274,0.7783882783882784,138.58721,0.7517371110692794
A133,0.10612612217664719,0.5143827,0.7540494458653026,130.7178094,0.4365366731358885
A133,0.0813782587647438,0.60402,0.7266899766899767,130.2233588,0.4583254652897929
A133,0.10578231513500214,0.9543132,0.7706855791962175,138.8190096,0.5361031050887907
A133,0.10301381349563599,0.62089705,0.7816537467700259,157.53027,0.6111417616820574
A133,0.12037308514118195,0.9281742,0.7604166666666666,116.8745499,0.3680622910501562
A133,0.12832210958003998,0.7115733,0.725925925925926,132.9632619,0.596155613601481
A133,0.08597483485937119,0.505079,0.811491935483871,103.4676525,0.3932970072984076
A133,0.10229376703500748,0.629197,0.7742484401588202,123.6767674,0.476920601851954
A133,0.09004943817853928,0.48075196,0.7857954545454545,119.9679827,0.45796443300835005
A133,0.0755077451467514,-0.08803035,0.809009009009009,108.0559738,0.5998926310778918
A133,0.0849289521574974,0.90164834,0.7268244575936884,106.3649967,0.7740313677737504
A133,0.08892355114221573,0.57320434,0.7785102175346078,105.048344,0.5242601742086302
A133,,0.8399414,0.7311401020986954,102.7239263,0.3898744708122209
A133,0.13175718486309052,0.5435915,0.6910511363636364,99.6223367,0.7849013517576302
A133,0.14808550477027893,0.049982373,0.7341939755047997,103.6159724,0.6122667045301101
A133,0.18636399507522583,0.4342081,0.7795983086680761,103.6790918,0.22824577462306192
A133,0.06585346907377243,0.6797191,0.7723970944309927,98.88773108,0.33209721798484665
A133,0.06702219694852829,0.4493182,0.8109195402298851,99.06308284,0.2607258483980101
A133,0.14194276928901672,0.88209134,0.7888707037643208,106.6747869,0.50547169760182
A133,0.12649782001972198,0.9683656,0.7840909090909091,106.8930501,0.7580802678866987
A133,0.08888056874275208,0.81749207,0.712142261739372,106.9684977,0.4447669231246828
A133,0.09243310987949371,0.8778555,0.7517006802721088,102.2886848,0.5949765085226445
A133,,0.91962874,0.7346938775510204,110.7138343,0.5043051796592268
A133,,0.72562885,0.7792682926829269,115.6523019,0.4491949870819095
A133,0.10183056443929672,0.74903095,0.7318634423897582,110.8598979,0.44912074504979066
A133,0.14833307266235352,0.9105905,0.7898065476190477,102.9097354,0.5171625378646498
A133,0.09104981273412704,0.6981292,0.7800237812128419,114.475426,0.17373272573085688
A133,0.1095343753695488,0.4974141,0.74375,109.5513642,0.5579712912963387
A133,0.14807400107383728,-0.06636607,0.7328976034858388,114.1082628,0.490988469826478
A133,0.1409461945295334,0.90688515,0.7616892911010558,118.6713522,0.5023060964362189
A133,0.13026151061058044,0.7649195,0.6652518392756084,120.5454511,0.623542850812959
A133,0.1322728395462036,0.7973726,0.7310315430520035,116.5744019,0.5646094004717801
A133,0.11085069924592972,0.5003685,0.7656926406926406,121.9776072,0.2553586997766848
A133,0.11230437457561493,0.39561045,0.7064043209876543,118.3308246,0.6689365067755176
A133,0.10545813292264938,0.7928668,0.7776744186046511,120.4208184,0.4415634306213342
A133,0.11039275676012039,0.41581962,0.6634408602150538,129.5368042,0.4873597686937045
A133,0.11099395900964737,0.683921,0.7504166666666666,121.6601182,0.20447662434468175
A133,0.13063162565231323,0.6279313,0.653054221002059,119.2591617,0.7413840872709564
A133,0.1790008395910263,0.8549541,0.7573426573426574,111.6766477,0.4423629254067889
A133,0.11638505756855011,0.5668559,0.7458791208791209,113.8740914,0.7793758444934185
A133,0.1334482729434967,0.9316376,0.798240100565682,114.9992252,0.49629339490686314
A133,0.12903687357902527,0.82734966,0.7627118644067796,114.5192869,0.4801917857613632
A133,0.09631963819265366,0.6373505,0.7454545454545455,111.0522298,0.3318154521232696
A133,0.08450118452310562,0.76566416,0.7736742424242424,115.0346328,0.4418919508431989
A133,0.08938673138618469,0.5696063,0.7961111111111111,116.2392838,0.48937108434810184
A133,0.09103173762559891,0.48013985,0.7919973544973545,116.5731656,0.3398174209667626
A133,0.09348735213279724,0.35809955,0.8121655871585469,114.8203783,0.6158422611193601
A133,0.10645780712366104,0.46711177,0.7563218390804598,115.5439059,0.5028260908315015
A133,,0.7627481,0.7565714285714286,98.97028741,0.7388260524425974
A133,,0.87771636,0.7980392156862746,98.49593666,0.42707361655385856
A133,0.11823206394910812,0.18572316,0.7428940568475452,95.06837464,0.5813734783340843
A133,0.13622860610485077,0.5774019,0.7183600713012478,89.40839196,0.6173383384815629
A133,0.09739619493484497,0.38560426,0.7583819241982507,89.56952167,0.5056576177648124
A133,0.08693721145391464,0.63045996,0.7732426303854876,94.38767599,0.5132645747510309
A133,0.05312887206673622,0.8204584,0.7156196943972836,118.5549672,0.6030373675558522
A133,0.06849151104688644,0.18063672,0.7993881118881119,112.3448088,0.5660376883915615
A133,0.08030582964420319,0.058679614,0.7359422492401215,106.4702981,0.7324159380654833
A133,0.035753291100263596,0.68007505,0.7769423558897243,111.7181951,0.5379442155696755
A133,0.04313049837946892,0.3947269,0.750445632798574,107.8085139,0.653104543682847
A133,0.050846777856349945,0.21410465,0.6833333333333333,101.8470675,0.8433320461011489
A133,0.12560346722602844,0.7886257,0.7837837837837838,90.83626614,0.5198269672000321
A133,0.12356079369783401,0.63215643,0.75,97.83587029,0.730989527699679
A133,0.09102322906255722,0.618221,0.7896103896103897,122.3453911,0.5540201342551978
A133,0.10033003985881805,0.71955395,0.8062678062678063,120.2928089,0.36617531405233006
A133,0.1815476417541504,0.85612106,0.7647058823529411,109.3057144,0.5749619112235772
A133,0.13285839557647705,0.5256671,0.7608915906788247,116.3193224,0.49686738662516755
A133,0.13136588037014008,0.42588204,0.7433431952662722,114.1692957,0.6232618292772167
A133,0.10408393293619156,0.6597397,0.7870370370370371,115.9889101,0.5291567551467098
A133,0.10129942744970322,0.85093963,0.7725918570009931,111.910279,0.45852157153978423
A133,0.09925877302885056,0.2018955,0.7661361626878869,98.77646867,0.7389507444655568
A133,0.10635405033826828,0.16248076,0.7679824561403509,100.1841828,0.7012261047524779
A133,0.10839415341615677,0.82711816,0.7161084529505582,108.0188396,0.7168785388599515
A133,0.09623325616121292,0.8242359,0.6941558441558442,103.2991918,0.8126022846158057
A133,0.08747059851884842,0.6318779,0.7778706800445931,110.7125023,0.6443791112020465
A133,0.10745484381914139,0.842391,0.7559819947879649,117.2236288,0.6858811364539995
A133,0.11804915964603424,0.7669203,0.7324414715719063,119.6681405,0.5649971572126918
A133,0.0857388824224472,0.537489,0.7785714285714286,109.9041654,0.3413090322850501
A133,0.10639971494674683,0.6897578,0.7397372742200329,113.0265378,0.7344855941122079
A133,0.0699847936630249,0.7402954,0.768958543983822,122.2300529,0.4216135496494605
A133,0.05321715027093887,0.75157744,0.7714604236343366,123.7098817,0.595412902218644
A133,0.06867194175720215,0.92595434,0.7702702702702703,116.9395957,0.47767702336878787
A133,,0.9676714,0.6011342155009451,124.0348784,0.8189931165999489
A133,0.13590691983699799,0.7757429,0.8168067226890756,147.2507152,0.3663180704692219
A133,0.13084065914154053,0.7339108,0.6685633001422475,149.4949071,0.6832193722926027
A133,0.12626029551029205,0.8770646,0.7704714640198511,136.3905503,0.586810015072193
A133,0.19107270240783691,0.7035603,0.7530454042081949,140.2385936,0.5100348121210265
A133,0.1519114375114441,0.8745865,0.7205882352941176,132.8473542,0.5586078400729612
A133,,0.8803886,0.76,142.4435262,0.5934917011221258
A133,0.08868233114480972,0.60694546,0.739247311827957,143.5587885,0.6775374769675865
A133,0.11914051324129105,0.7916599,0.8311036789297659,163.122344,0.4682822846987462
A133,0.09743544459342957,0.8730012,0.7453222453222453,141.8346188,0.7159268539102976
A133,0.1307878941297531,0.95106167,0.7585066162570888,148.8855658,0.37719784770521003
A133,,0.9708707,0.7700996677740863,118.2159897,0.5899718514781493
A133,0.11517206579446793,0.8613298,0.7380464480874317,119.5914708,0.6756493525083973
A133,,0.860363,0.7573529411764706,108.5202506,0.5046056427392696
A133,0.07501905411481857,0.3694146,0.7739583333333333,146.8792821,0.5144481250701444
A133,,0.770488,0.7588522588522588,121.9986691,0.40440924842205234
A133,0.09458320587873459,0.74222493,0.7300944669365722,134.3943825,0.7281839546792294
A133,0.13368961215019226,0.8893052,0.7530619000331016,120.8307429,0.4787180612400514
A133,,0.9533237,0.7665406427221172,115.5210933,0.4190462492003232
A133,0.12174367159605026,0.52326703,0.7747858017135862,141.88824,0.5043924347741258
A133,0.1608857810497284,0.9315935,0.6884531590413944,149.2108416,0.6586935493014908
A133,0.12579460442066193,0.6569625,0.7533875338753387,146.5299204,0.4220697027664573
A133,0.13011100888252258,0.95029193,0.7191919191919192,152.7765358,0.627146178319074
A133,0.11283610761165619,0.58696795,0.805761316872428,96.19394315,0.5795485876376387
A133,0.08541850000619888,0.9672973,0.7271174863387978,107.3935705,0.8551714861957548
A133,0.10353726148605347,0.49627414,0.7792792792792793,105.4146375,0.5825723352459088
A133,0.1326151192188263,0.838311,0.7949206349206349,92.4397958,0.6600491421586605
A133,0.12332763522863388,0.7651853,0.7867036011080333,108.1211331,0.15637632135367252
A133,0.08132858574390411,0.57427025,0.7239641657334827,108.167376,0.6368275937058092
A133,0.07639605551958084,0.6195369,0.703962703962704,103.7876781,0.8435990820824424
A133,0.09915561228990555,0.8048868,0.7774891774891775,136.730429,0.3541209959618724
A133,0.1244359016418457,0.12708504,0.7362745098039216,124.8791303,0.46407057044865824
A133,0.08601819723844528,0.27539116,0.6657483930211203,125.747284,0.7048448937719566
A133,0.09047656506299973,0.9575644,0.7708333333333334,117.2019656,0.6774516263542972
A133,0.11635913699865341,0.7192458,0.780952380952381,119.4950389,0.7490307704080494
A133,0.08225569874048233,0.040611684,0.7948387096774193,126.8592765,0.6444191047096519
A133,0.17522913217544556,0.82816774,0.7246732026143791,114.2875122,0.5070995327695678
A133,0.13785040378570557,0.2655172,0.7329545454545454,131.6473089,0.46542473882501567
A133,0.11030904203653336,0.10482891,0.7820069204152249,136.2455329,0.47575264807338813
A133,0.15268366038799286,0.5710522,0.74858934169279,130.1343419,0.5619918182614954
A133,,0.9720569,0.7439703153988868,125.4789081,0.39194161926632
A133,0.1444871723651886,0.1697032,0.5648936170212766,129.1605969,0.8306332835442947
A133,0.1406516432762146,0.12290636,0.7283950617283951,128.8209461,0.5442002449226359
A133,0.09398388117551804,0.950515,0.7768115942028986,127.2508099,0.42262525416387986
A133,,0.75672495,0.6802656546489564,123.3060671,0.5094748459084822
A133,,0.93815196,0.7247807017543859,125.5861462,0.6636875225108921
A133,0.1121361255645752,0.9060167,0.4613425925925926,116.7299846,0.9412812357161185
A133,0.10478433221578598,0.9146055,0.6236979166666666,117.4789451,0.865116975725164
A133,0.09532015770673752,0.8272517,0.7496498599439776,116.8631892,0.6546496688466653
A133,,0.92378265,0.7131782945736435,119.8820141,0.7222757622985907
A133,0.12209611386060715,-0.008391175,0.6993939393939393,118.0887289,0.6901140754001092
A133,0.10995961725711823,0.09328934,0.610381488430269,118.9671794,0.5318189603783674
A133,,0.9101047,0.7765793528505393,114.8884107,0.7170872311066945
A133,0.09236960858106613,0.9781593,0.7622222222222222,120.5422372,0.42706977759461334
A133,0.12435881793498993,0.48535785,0.831604938271605,112.7459309,0.3909629639046848
A133,0.12428837269544601,0.42441323,0.8,115.6636017,0.4254273492256675
A133,0.1014096662402153,0.3636219,0.6910569105691057,136.6501538,0.7241987596777557
A133,0.11141635477542877,0.16553263,0.6802128688921142,140.7946091,0.7054933747339112
A133,0.11923249065876007,0.53453803,0.772596843615495,86.49248058,0.5523181311162797
A133,0.16689643263816833,0.77724713,0.7861635220125787,97.23772654,0.40888353205384387
A133,0.10807078331708908,0.6762144,0.7767195767195767,86.96562115,0.4081290237611895
A133,0.1755288988351822,0.810464,0.736,96.53410659,0.7694060875257801
A133,,0.9570209,0.7546777546777547,109.477166,0.4958059516835112
A133,0.10499557852745056,0.9243332,0.7973214285714286,112.124999,0.42567994574246526
A133,0.13059434294700623,0.8314655,0.6917989417989417,94.33724958,0.6641130126558492
A133,0.11342301964759827,0.9045351,0.7514792899408284,95.68363096,0.7628938635611396
A133,,0.82346135,0.75,135.4842354,0.18979862871999473
A133,0.0962909683585167,0.9317876,0.7422600619195047,135.8826124,0.44621349328905324
A133,0.09215129911899567,0.7558184,0.6875,146.7700768,0.5389469083923832
A133,0.10246337205171585,0.37825006,0.7017707362534948,136.0498129,0.62770042098955
A133,0.09536226838827133,0.7183752,0.7434343434343434,140.6690369,0.690616939265945
A133,0.09049204736948013,0.5801374,0.7558139534883721,147.2574361,0.519274323566388
A133,0.12980476021766663,-0.054090437,0.8091836734693878,159.4935038,0.5855448531065358
A133,0.08176154643297195,0.78270066,0.7630252100840336,147.5541885,0.5627428201477617
A133,,0.8625014,0.7937411095305832,126.9205467,0.3868107284200592
A133,0.13268913328647614,0.47286928,0.6647116324535679,149.9548074,0.5098613933432501
A133,,0.9623644,0.7974882260596546,128.1121151,0.5925030257905295
A133,0.10170471668243408,0.82975817,0.7536945812807881,130.1326891,0.44763262409172555
A133,0.12582001090049744,0.33612135,0.7575757575757576,147.2241686,0.5658291414637951
A133,0.08481170237064362,0.7296763,0.7863636363636364,168.2377694,0.27860366200040604
A133,0.1410824954509735,0.5969188,0.7597701149425288,161.6222148,0.3505120509680224
A133,0.19591616094112396,0.37994254,0.7282502443792767,154.1311413,0.5207714932602144
A133,0.19730742275714874,0.65551525,0.7540322580645161,157.7766951,0.6787192589681564
A133,0.1315850168466568,0.95041215,0.7620370370370371,181.7869938,0.6561560778453328
A133,0.1887514591217041,0.28352013,0.8084677419354839,167.7139945,0.28514531149580147
A133,0.12300962209701538,0.29626274,0.7723311546840959,158.0695121,0.685455312491513
A133,0.10460492223501205,0.9169412,0.6596736596736597,162.4905921,0.8023025570268449
A133,0.10591065138578415,0.86310476,0.7816091954022989,149.3886053,0.2334900268899174
A133,0.07928016781806946,0.29379702,0.7840909090909091,149.9876736,0.23050668985799305
A133,,0.9482622,0.7586206896551724,144.128822,0.6917343246549382
A133,0.10437872260808945,-0.3338588,0.7492163009404389,148.5223263,0.6638852656105855
A133,,0.9652243,0.760998810939358,149.9078862,0.4110137069000849
A133,0.15150213241577148,0.87116456,0.7879151660664265,152.1369432,0.3762082848649925
A133,0.12086068838834763,0.8421614,0.7976973684210527,140.8660194,0.5972173099857616
A133,0.0938148945569992,0.6387019,0.7894503546099291,144.6460773,0.22636698907682204
A133,0.11365605145692825,0.8002697,0.7395104895104895,149.4794357,0.6457809699703837
A133,0.10636929422616959,0.35126305,0.6955782312925171,148.1312032,0.6760006236881322
A133,0.0938241109251976,0.7203012,0.7300420168067226,154.3257139,0.5736374724266853
A133,0.12069103121757507,0.6576937,0.7366600790513834,151.55398,0.31254642278662403
A133,0.1008807048201561,0.34881085,0.7544827586206897,150.7122572,0.680199118149298
A133,0.10025905817747116,0.7041033,0.7031358885017421,153.8008608,0.7122649485800572
A133,0.13930287957191467,0.6594485,0.77109375,140.5852467,0.684525248401238
A133,0.1567687690258026,0.74966323,0.7858024691358024,140.8448405,0.6166476019784735
A133,0.10963175445795059,0.87469256,0.7913279132791328,144.6145707,0.49739578909072596
A133,0.09640272706747055,0.9410624,0.7756410256410257,149.7068214,0.24105608338219314
A133,0.18417058885097504,0.29102668,0.7917877906976745,141.6071,0.7439425921187279
A133,0.1863858699798584,0.25089535,0.7698170731707317,135.7277399,0.5326450842141249
A133,0.1438807249069214,0.73431635,0.7926829268292683,159.7604673,0.48086817468169823
A133,0.13826872408390045,0.6366083,0.7627494456762749,174.8379521,0.6195475475361188
A133,0.08629699796438217,0.84358066,0.7819444444444444,151.0898544,0.4305960205126752
A133,0.10696882009506226,0.8245297,0.7914529914529914,162.9512989,0.5795223807646441
A133,,0.9309022,0.6870554765291608,118.4195248,0.37377620273030293
A133,0.05650336295366287,0.7767294,0.7403846153846154,128.1922033,0.6565737702734747
A133,0.08071833848953247,0.81066346,0.6549019607843137,124.412636,0.47781520805562966
A133,0.1127646416425705,0.611399,0.7589285714285714,142.5886363,0.5935283604245132
A133,,0.9227425,0.6663442940038685,127.3126792,0.7654886891622792
A133,0.05858699232339859,0.6048248,0.7510822510822511,160.5931756,0.5425997596133747
A133,0.09224288165569305,0.8766474,0.7551282051282051,143.2342939,0.5091191675217435
A133,0.09218455851078033,0.9204922,0.7987012987012987,140.4991071,0.43341483577214335
A133,,0.8421646,0.5970401691331924,121.7544681,0.8806518007940795
A133,,0.83796465,0.7001661129568106,128.6225359,0.7885948745421051
A133,0.0947127640247345,0.58139634,0.6816608996539792,154.5402935,0.5598591431543953
A199,0.13418211042881012,0.87996763,0.6471797884841363,138.389552,0.7520047002689911
A199,0.14439809322357178,0.86397326,0.7701288244766505,141.4465355,0.5383282738503625
A199,0.12646497786045074,0.98001647,0.740530303030303,142.9196791,0.5681042413937448
A199,0.1683628261089325,0.98020536,0.7821428571428571,141.7834575,0.3805453503428355
A199,0.14876136183738708,0.9539732,0.7458041958041958,146.9839166,0.3574190375463009
A199,0.16812311112880707,0.83270884,0.7106575963718821,141.8621243,0.6511337243531565
A199,0.13253016769886017,0.6693224,0.7465909090909091,143.4334614,0.8064156536272138
A199,0.19772659242153168,0.91945857,0.6956521739130435,145.2389331,0.7581437473792183
A199,0.161514014005661,0.81945574,0.7445127304653204,145.4584827,0.6926609715258784
A199,0.18739503622055054,0.9037343,0.7735714285714286,139.2919091,0.4290280587331661
A199,0.17741402983665466,0.9401012,0.7665071770334928,144.1650612,0.5011409825468067
A199,,0.87988704,0.7257097161135546,144.4235417,0.6990720423252743
A199,,0.93005073,0.7034568929612661,144.7675025,0.8770592438919714
A199,0.10795899480581284,0.85301435,0.7112280701754385,151.6145749,0.4929934638527731
A199,0.147919163107872,0.9601265,0.7684444444444445,134.4147752,0.4682536952278996
A199,0.24531491100788116,0.899954,0.748221906116643,142.4186159,0.5298054508022446
A199,,0.9493989,0.7738205365402405,149.7375583,0.1648500265731398
A199,,0.696348,0.7694256756756757,177.1904398,0.5972814994576331
A199,0.122702956199646,0.6947511,0.7970430107526881,169.9566975,0.6252829433136163
A199,0.1532762348651886,0.9823343,0.6893333333333334,167.929692,0.5100237828999592
A199,0.13496987521648407,0.8953485,0.8754208754208754,200.7834539,0.4306454459741324
A199,0.15004420280456543,0.98410434,0.7412997903563942,179.4161915,0.6970950275696511
A199,0.14029879868030548,0.96537673,0.742393509127789,148.7353455,0.6376173268005584
A199,0.18880918622016907,0.7966937,0.7741792369121562,180.5396413,0.35650894450159354
A199,,0.8419757,0.756066411238825,184.3114622,0.5331491036080189
A199,0.13677078485488892,0.9686113,0.7230958988590811,182.3371458,0.811652135272863
A199,0.12784169614315033,0.8977571,0.6795808966861598,189.5673071,0.7818107402611901
A199,,0.9147978,0.7926895799236224,177.9733525,0.5442540004985054
A199,0.11439549922943115,0.9282464,0.766860465116279,167.4951977,0.4916939378776952
A199,0.09616442024707794,0.7403618,0.7789772727272727,144.1119301,0.48701992267792255
A199,0.10835018754005432,0.85721564,0.8101673101673101,149.8228856,0.5173866436090337
A199,0.1501545011997223,0.756854,0.6301287810721773,152.5558319,0.571026406718872
A199,0.1649668961763382,0.6851458,0.7573099415204678,152.5011279,0.43159002267599506
A199,0.1737523227930069,0.93968666,0.7372294372294372,156.9752591,0.7818591543284876
A199,0.22878198325634003,0.94571424,0.6666666666666666,155.5213764,0.7788218274497163
A199,0.1423201858997345,0.9196751,0.7149122807017544,149.5098045,0.66518851994809
A199,,0.93942773,0.7673545966228893,155.9399506,0.5291266588461361
A199,0.1260240226984024,0.97575337,0.7377777777777778,170.9862492,0.4758123382653135
A199,0.14449189603328705,0.96352357,0.7592764378478665,168.1799555,0.47031307841147346
A199,0.13393697142601013,0.95609653,0.8010521281683405,162.5874297,0.6319180332188273
A199,0.10029786825180054,0.9444553,0.7572463768115942,112.1509293,0.6903684422030724
A199,0.11904112249612808,0.9104005,0.7819767441860465,107.8048839,0.3728737253112367
A199,0.13463094830513,0.78598255,0.7007575757575758,128.7208224,0.7322024660557218
A199,0.12492550164461136,0.9408688,0.7559681697612732,123.2160139,0.5180123624793089
A199,0.1693093329668045,0.9320582,0.8099056603773584,181.9369878,0.6688165841061692
A199,0.16928252577781677,0.93881667,0.7801282051282051,180.3891557,0.27610227631713896
A199,0.21358467638492584,0.76955867,0.788510101010101,186.4276422,0.5897457546966358
A199,0.15300177037715912,0.88447076,0.7939666238767651,191.3655632,0.36685670223551176
A199,0.15912264585494995,0.95832205,0.7831818181818182,137.039391,0.5320103039322398
A199,0.24987509846687317,0.9686208,0.7842401500938087,145.1306784,0.40355176300257917
A199,0.13696788251399994,0.77226716,0.7467144563918757,136.1691549,0.590887302391975
A199,0.1577548086643219,0.9134611,0.74002849002849,141.411879,0.4953043917157524
A199,0.1405945122241974,0.9627683,0.7659023668639053,158.0374199,0.592668841014617
A199,0.18893136084079742,0.9592906,0.7510351966873706,149.8764956,0.5751379626887523
A199,,0.89218825,0.7783333333333333,149.893705,0.5200355396592933
A199,0.15316568315029144,0.96267277,0.7554878048780488,157.2183472,0.6364931162336928
A199,0.11186959594488144,0.45612565,0.7694444444444445,98.33222148,0.4852691089785935
A199,0.13327835500240326,0.91464365,0.712404214559387,98.72085495,0.6059868080509456
A199,0.15194369852542877,0.9231849,0.7808455565142364,97.50256485,0.4001087550194786
A199,0.11956612765789032,0.8780479,0.7595238095238095,96.62637959,0.43228390387684634
A199,0.12959174811840057,0.9422816,0.7045063639490884,97.7091134,0.6870986749367005
A199,0.1481989324092865,0.91944075,0.7267939433838051,141.3106302,0.6337598761557606
A199,0.10604196786880493,0.8869108,0.7369299221357063,137.1124511,0.398368672786336
A199,,0.96930754,0.7543859649122807,132.5715658,0.6559563824361376
A199,0.11368009448051453,0.7734543,0.6294191919191919,138.1629607,0.8129376834132797
A199,0.11661480367183685,0.92973983,0.7724,155.064499,0.4690276902870154
A199,0.12861251831054688,0.9472465,0.6566232840078445,159.787961,0.8384626545888857
A199,,0.96390504,0.7710144927536232,150.9241967,0.45251077691272257
A199,,0.9312626,0.7861111111111111,154.6727572,0.6992623846213329
A199,,0.8763828,0.7966764418377321,129.0303429,0.3920518272434933
A199,0.11503927409648895,0.9531698,0.7514950166112957,132.7324406,0.5777870393191334
A199,0.11434777826070786,0.91606873,0.7716727716727717,135.1807273,0.47060585214459166
A199,,0.8359395,0.7448529411764706,128.1828973,0.570297296304353
A199,0.15846949815750122,0.91212493,0.7695195195195195,139.1150157,0.5913608603569388
A199,0.1319248229265213,0.84366995,0.7423117709437964,129.6057185,0.3799530093385932
A199,0.1447131484746933,0.85085654,0.7185374149659864,128.8363653,0.3432227793172893
A199,0.10482917726039886,0.9224606,0.7535802469135803,123.3663646,0.372964024063036
A199,0.10510829091072083,0.8820362,0.5876225490196079,130.2851194,0.638362821518155
A199,,0.71265036,0.6874074074074074,131.9625799,0.8578590227411498
A199,0.14420320093631744,0.94805026,0.7741496598639456,121.5662395,0.3464132340443337
A199,0.1629239022731781,0.8949144,0.6708246708246708,120.7161759,0.5936356214664008
A199,0.09772036224603653,0.8183129,0.7763845350052246,122.6310396,0.6160219941424445
A199,,0.95700085,0.7475757575757576,117.2762717,0.4340461722807424
A199,0.12726378440856934,0.90056986,0.7337662337662337,113.5942517,0.558995948234913
A199,0.12952280044555664,0.91892195,0.7323818019625334,152.2580972,0.752245003548748
A199,0.15094566345214844,0.95003545,0.776386404293381,145.8859399,0.5362533356472095
A199,0.1963983029127121,0.9212729,0.7672316384180791,139.4323789,0.3120967012058202
A199,0.09588956832885742,0.83470815,0.6855179704016914,129.7641459,0.6080380646735122
A199,0.11050210148096085,0.909949,0.6164351851851851,133.7885824,0.8805695345668132
A199,0.15332765877246857,0.96239907,0.7645137880986937,193.0607883,0.2594767809383836
A199,0.18166792392730713,0.9346258,0.7175824175824176,193.975478,0.5745099760412491
A199,0.14055564999580383,0.95460266,0.7242647058823529,185.6143096,0.6132063516594249
A199,0.1458805799484253,0.906955,0.7626415094339623,146.7320868,0.31708183863778105
A199,0.14186982810497284,0.94299555,0.7037037037037037,145.8156471,0.7401048894196446
A199,0.14378395676612854,0.9448851,0.6334310850439883,138.3071401,0.22145575659063144
A199,0.11955332010984421,0.89415854,0.7233704292527822,174.4863974,0.5128129658957357
A199,,0.7077258,0.6934121621621622,164.1726791,0.7010739915939711
A199,,0.89668125,0.5546536796536796,168.8528647,0.8216288791224725
A199,0.17252981662750244,0.9466704,0.6672335600907029,168.2851537,0.7441891164607335
A199,0.12201053649187088,0.93171775,0.673679060665362,156.8065984,0.6375178092613097
A199,0.13218747079372406,0.72786295,0.7248792270531401,163.7463894,0.6160058471935614
A199,0.1563684642314911,0.8871705,0.6442967409948542,164.6133995,0.8185246509715098
A199,0.08626449853181839,0.56585634,0.7625730994152047,146.2081348,0.6763033886786006
A199,0.14848020672798157,0.86464417,0.6185973207249803,143.3186728,0.7428719268213558
A199,0.14706742763519287,0.88713497,0.68125,142.3228557,0.732330209147079
A199,0.1474173218011856,0.8971235,0.5905770635500365,115.3505738,0.590012901905316
A199,,0.91936713,0.6335648148148149,116.7644349,0.6381208281671038
A199,0.11422574520111084,0.87084615,0.7870370370370371,114.4125563,0.5819107122077329
A199,0.18616144359111786,0.84143996,0.6184110970996217,119.3793076,0.4553661577799521
A199,0.12200263142585754,0.86267495,0.7278079710144928,116.0024407,0.6023651916844658
A199,0.11698474735021591,0.80534387,0.6658138791173649,112.1980918,0.7599792091595456
A199,0.18133802711963654,0.9545166,0.751219512195122,139.7774219,0.6415722329970571
A199,0.14933276176452637,0.91702384,0.7798624140087554,147.3183408,0.503582777613463
A199,0.1676359623670578,0.90921086,0.6668639053254438,157.4643542,0.5671183004044641
A199,0.10648111999034882,0.9594339,0.8441860465116279,155.5897322,0.7888659449135733
A199,0.12312493473291397,0.96412516,0.7117892540427752,130.8200866,0.7430379896165427
A199,0.22733591496944427,0.9094621,0.780564263322884,146.5039678,0.4520916529943727
A199,0.17466437816619873,0.9472306,0.773015873015873,143.8727054,0.3702874903826895
A199,0.11791884154081345,0.95476186,0.7161505768063146,129.910259,0.5370827484198155
A199,,0.34470993,0.7187088274044796,147.4912269,0.760152733276698
A199,,0.96002936,0.7371355060034306,152.6039023,0.6397811775764654
A199,,0.94508314,0.7012592270950934,151.909327,0.6709821082893351
A199,,0.8820106,0.7621753246753247,151.8754299,0.6984071590072707
A199,0.09258957952260971,0.87042314,0.7458773784355179,144.2111672,0.5232569325917936
A199,0.12437155097723007,0.58240676,0.8319856244384546,155.5167963,0.641071507965597
A199,0.18325814604759216,0.96022516,0.7605363984674329,168.1390172,0.5834065834580422
A199,,0.9644974,0.6621468926553672,167.9553015,0.658698282806914
A199,0.1770237684249878,0.93586826,0.5977941176470588,164.5432485,0.841703842165183
A199,0.17215701937675476,0.9157982,0.7406174334140436,164.3961025,0.4775951862535397
A199,0.14754606783390045,0.9831759,0.7420634920634921,142.2124556,0.2848444682397124
A199,,0.98439074,0.7526132404181185,137.1995653,0.5701913164001027
A199,0.16229009628295898,0.97814167,0.7428571428571429,139.2651984,0.7137031784196071
A199,0.1321936845779419,0.97289795,0.7460881934566145,134.9278455,0.700860530468788
A199,,0.809111,0.7057344064386318,168.5207127,0.7532058880215399
A199,0.1331867277622223,0.945613,0.5670995670995671,160.6115973,0.8805221373702705
A199,0.15712450444698334,0.9440852,0.7124590163934427,198.8569303,0.789262147379529
A199,0.14309048652648926,0.9218941,0.8127821335234022,204.2422802,0.5435218155108529
A199,0.1830989271402359,0.9654732,0.7878198898607062,181.0365338,0.6294141728174996
A199,,0.6938339,0.7631111111111111,176.6446218,0.5043708140357815
A199,,0.6006842,0.7453488372093023,179.9859435,0.49307815509145486
A199,,0.961012,0.7378205128205129,174.1868992,0.7277353007780482
A199,0.14546285569667816,0.9385318,0.7425531914893617,131.7175141,0.518273897734062
A199,0.1594366580247879,0.9162991,0.7506172839506173,128.130783,0.5192334137682332
A199,0.15762971341609955,0.96752024,0.6790214974054856,93.66440107,0.7140268615463553
A199,0.14459218084812164,0.94888335,0.7072368421052632,98.85265365,0.6013788567295059
A199,0.2003282904624939,0.8929375,0.8030372756557754,94.0304856,0.6349440396049645
A199,0.19944700598716736,0.9524864,0.7865740740740741,124.3564715,0.37054955250958427
A199,0.1750018149614334,0.9449705,0.7681341719077568,122.2700788,0.6031792237744419
A199,0.18950669467449188,0.9369177,0.6800445930880713,123.9959729,0.7996835262233518
A199,0.1918642222881317,0.92468846,0.7546628407460545,119.2810473,0.6417263255888612
A199,0.17832638323307037,0.9451604,0.7620124364047485,149.7403393,0.3518007116231147
A199,,0.9085683,0.7058823529411765,146.4163259,0.6302171491056707
A199,0.1480710506439209,0.9498241,0.7685521536066424,144.8165123,0.49098590599316305
A199,0.17341916263103485,0.8160984,0.6650943396226415,136.6866737,0.779927152588766
A199,0.10013548284769058,0.5592594,0.5065993788819876,140.0842855,0.8304237381075649
A199,0.10788138210773468,0.7529098,0.7805128205128206,157.28362,0.6286010762498078
A199,0.14776313304901123,0.88428867,0.7792207792207793,151.9027694,0.5054933498548277
A199,0.1676459163427353,0.84446824,0.6837154614932393,156.8749708,0.7202290138962816
A199,,0.9270086,0.7524401064773736,154.5976748,0.7532581457216261
A199,0.16488754749298096,0.84953946,0.75,172.6730546,0.44692496091755535
A199,0.23013389110565186,0.96572006,0.7235725308641975,156.8082637,0.44242456026410787
A199,,0.9498775,0.5357142857142857,105.7204067,0.7172389997345606
A199,0.17199498414993286,0.96251285,0.6790322580645162,105.0933881,0.7307901074768207
A199,0.299142986536026,0.9128483,0.6253026634382567,103.7358006,0.7663385958411654
A199,0.15516535937786102,0.9026703,0.7410966647823629,104.861187,0.6769565540242222
A199,0.18779489398002625,0.93233967,0.7825413223140496,105.0910202,0.2156021816257899
A199,0.1368400752544403,0.9691284,0.7857900318133616,173.3728769,0.5731561666092766
A199,0.14743219316005707,0.9483615,0.7692307692307693,180.330094,0.23666980666081985
A199,0.10962913930416107,0.41679972,0.7621212121212121,173.4691288,0.6977377313716999
A199,0.17318354547023773,0.9419628,0.7330917874396136,132.9546138,0.7691300907180205
A199,0.15399625897407532,0.9903402,0.7679012345679013,131.2639172,0.5813335844701037
A199,0.17302030324935913,0.98536325,0.7695578231292517,127.1713681,0.33493734755278126
A199,0.10069792717695236,0.8792486,0.7872983870967742,148.0070836,0.5214399521783315
A199,0.1050570085644722,0.8505845,0.7677631578947368,144.9396973,0.4938716590578363
A199,0.14558516442775726,0.9163045,0.8038422649140546,151.6082761,0.3238640746910744
A199,0.1615155190229416,0.7779008,0.7536157024793388,151.439592,0.3748738170549216
A199,0.12462583929300308,0.80818355,0.7822420634920635,136.3348564,0.48050056338130165
A199,,0.8718728,0.6630385487528345,139.1298001,0.5164668443259884
A199,0.14371170103549957,0.97449434,0.7326869806094183,148.4544319,0.6915505860968315
A199,0.1214485615491867,0.7254988,0.7525,132.0032127,0.5555517664607303
A199,0.1517537385225296,0.9628186,0.7752688172043011,153.2138692,0.502346243347447
A199,,0.96727294,0.8057455540355677,133.3385283,0.5993979653028129
A199,,0.98675865,0.7650208209399167,128.7154515,0.2530888518545497
A199,0.11855971813201904,0.9602247,0.7187423237533775,129.8938568,0.673889525327016
A199,,0.9695496,0.7869822485207101,128.8150014,0.5948291548560801
A199,0.1775962859392166,0.9702098,0.6192109777015438,130.2599352,0.8021237164415962
A199,0.1534738391637802,0.86270344,0.6216049382716049,104.1388711,0.7965441177839241
A199,0.19316032528877258,0.69933057,0.635142118863049,102.3758007,0.41666055298207866
A199,0.19220249354839325,0.9132575,0.7567099567099567,112.7564501,0.2968597753647385
A199,0.16346125304698944,0.8403092,0.7806451612903226,117.8857561,0.5843726316311519
A199,0.09327463805675507,0.699198,0.7578947368421053,104.4937409,0.61064588087534
A199,0.13543672859668732,0.965941,0.7933715220949263,117.180333,0.45260654262821537
A199,0.14345400035381317,0.9679952,0.7723776223776224,104.1757684,0.29671119288708725
A199,0.1597617119550705,0.93300676,0.6776515151515151,103.8844613,0.7607980588469809
A199,0.09909495711326599,0.78684837,0.7688777638715061,102.992195,0.48521680121579686
A199,0.16647467017173767,0.8061075,0.7495056031641397,117.8810661,0.42583432644293967
A199,0.09796333312988281,0.9714357,0.7763105242096838,127.6874596,0.3723705704836258
A199,0.1342025101184845,0.93973136,0.7186009538950715,133.8643028,0.7055948778403494
A199,0.19315944612026215,0.89922637,0.788515406162465,121.6968465,0.40406936665244203
A199,0.13877268135547638,0.9367063,0.7562403697996918,123.3390097,0.5952681936225113
A199,0.1406598538160324,0.9609358,0.8016942626107046,125.7271876,0.4085729912693714
A199,0.12783420085906982,0.807762,0.8071895424836601,133.8444854,0.46150023101231014
A199,0.1593458652496338,0.94046235,0.799407114624506,111.0579101,0.2666361398337784
A199,,0.91996604,0.7492163009404389,110.1440622,0.6279957728446285
A199,0.16641388833522797,0.9353602,0.7635135135135135,118.6200886,0.5667207624242149
A199,0.1406063735485077,0.6669682,0.7799227799227799,116.7710078,0.22522252957066077
A199,0.05015282332897186,0.9096451,0.7971938775510204,110.5635154,0.24123549515454729
A199,0.1438504308462143,0.9330554,0.7732793522267206,124.9490925,0.7259949665568048
A199,0.10210290551185608,0.785118,0.7563025210084033,125.6863665,0.36772787828016484
A199,,0.929333,0.8061224489795918,125.1068913,0.6793576260611764
A199,0.1800490766763687,0.94965947,0.7884615384615384,97.3009881,0.3793660871142433
A199,0.20077523589134216,0.9411013,0.7853260869565217,100.955564,0.5229898820554304
A199,0.1930658221244812,0.5771822,0.7548611111111111,96.99833955,0.6067689882100257
A199,0.19104914367198944,0.78641784,0.7560763888888888,96.02241081,0.5168790350475013
A199,0.17809197306632996,0.51740694,0.7887426900584795,107.2613589,0.37173697332102335
A199,0.19228866696357727,0.8037815,0.7843406593406593,107.8484966,0.3066324482128981
A199,0.2222614586353302,0.97085035,0.7774621212121212,103.0543617,0.39044991384142286
A199,0.13621611893177032,0.8932467,0.7386363636363636,144.3231966,0.722085641870121
A199,,0.8280425,0.6166037735849057,148.3887787,0.8055904858019076
A199,0.1445145606994629,0.96783096,0.7826839826839826,146.1486951,0.3158021836555613
A199,0.11294033378362656,0.9721195,0.7753968253968254,147.0052855,0.2483511889317663
A199,0.1560901701450348,0.9615118,0.7228260869565217,125.6343463,0.61846402628516
A199,0.15415754914283752,0.91501945,0.7440476190476191,127.1559199,0.5121423162846623
A199,0.1587570309638977,0.5576469,0.793859649122807,120.6509715,0.561398559983816
A199,0.17321740090847015,0.8549331,0.7837037037037037,126.8753755,0.42528805180204526
A199,0.16324564814567566,0.9067282,0.8029878618113913,111.0156477,0.5606033656965776
A199,0.14581461250782013,0.9078781,0.743047830923248,113.2945105,0.5444288242483939
A199,0.18584339320659637,0.93303454,0.7870967741935484,116.672312,0.3321665864993301
A199,0.14981690049171448,0.91071516,0.6952519379844961,133.5579728,0.8093473481481712
A199,0.14851722121238708,0.9346742,0.7960069444444444,133.3878696,0.4401513882358662
A199,0.14960016310214996,0.9769989,0.75,138.4916781,0.35833193508304145
A199,0.12282109260559082,0.8331902,0.8048387096774193,109.7753073,0.7665474220817937
A199,0.18149717152118683,0.9708711,0.7554545454545455,121.402198,0.687494278186024
A199,0.1336417943239212,0.6846202,0.784,109.5491742,0.6492570255701375
A199,0.17550547420978546,0.6791172,0.78125,106.1666501,0.6161326956786558
A199,0.15758638083934784,0.9617615,0.7457994579945799,110.0994177,0.5797292407090547
A199,,0.7567638,0.7466577540106952,169.4366819,0.44408004812895524
A199,0.10943543165922165,0.784001,0.7491228070175439,146.3036349,0.5618849031442116
A199,0.10688462853431702,0.88112414,0.6086538461538461,142.3645965,0.7631202234570625
A199,0.12377279251813889,0.93685055,0.7242798353909465,97.10006824,0.6188248309545394
A199,,0.863884,0.8095238095238095,97.66211424,0.613039308943942
A199,0.20219160616397858,0.8965528,0.7789256198347108,100.0152003,0.3309126622587641
A199,0.109413281083107,0.8040874,0.7900856793145655,96.60180451,0.47431103166203165
A199,0.15058206021785736,0.9267437,0.6055640243902439,134.8651235,0.747730807402571
A199,0.17539790272712708,0.9465201,0.8185950413223141,134.8348579,0.5687207624346803
A199,0.15943469107151031,0.9667105,0.7599824484422992,126.6637955,0.7094105031580998
A199,0.0975726768374443,0.77909404,0.6414442700156986,137.8846037,0.8132086066582448
A199,0.15094631910324097,0.9330417,0.765,140.1978504,0.2890148485047319
A199,,0.5763962,0.8175438596491228,133.8951953,0.5876755482432293
A199,0.12113699316978455,0.88836956,0.7755102040816326,116.6903776,0.4117669227119198
A199,0.1106574535369873,0.92726505,0.7903377110694184,114.4217162,0.6358151056453617
A199,0.18506602942943573,0.8967848,0.7242014742014742,107.9471597,0.7299967165940459
A199,,0.8329107,0.7842987804878049,114.1283422,0.6152858469401469
A199,0.11463361978530884,0.9616605,0.7846768336964416,111.6331251,0.389552555628472
A199,,0.9485934,0.7686635944700461,114.2180571,0.4724027468928087
A199,0.16629628837108612,0.99099046,0.78,111.1964932,0.39875006396677903
A199,0.09747693687677383,0.7338762,0.7793522267206477,108.9300146,0.3065316755785875
A199,,0.48538643,0.7243697478991596,142.5745554,0.5272641292042684
A199,,0.86777514,0.7025089605734767,142.3474505,0.6184068105403291
A199,0.1655058115720749,0.74126875,0.7505070993914807,144.374442,0.6473377078282253
A199,,0.91829,0.6352564102564102,154.8027385,0.4500893313868351
A199,0.1231103464961052,0.93233514,0.6613275613275613,145.0951916,0.8558877163379639
A199,,0.90566087,0.7711538461538462,151.2517956,0.3771546443867939
A199,0.14360693097114563,0.91611505,0.7208472686733556,150.23162,0.4111499863380535
A199,0.13684161007404327,0.8766573,0.767003367003367,150.1939672,0.582927372400788
A199,0.18352097272872925,0.9416416,0.7907681940700808,150.1200445,0.3173275123365389
A199,0.1983194202184677,0.8828543,0.6481481481481481,159.3977166,0.6554279014630929
A199,0.19444070756435394,0.9196882,0.7560975609756098,150.3394392,0.533975843682412
A199,0.22792506217956543,0.96633583,0.761437908496732,144.0803793,0.4183535113825849
A199,0.20193202793598175,0.9479983,0.7375,150.152659,0.6618965346419338
A199,0.16935665905475616,0.7362787,0.7540064102564102,165.8687182,0.6084130438401868
A199,,0.70391876,0.7257495590828924,139.9221984,0.8029436488188146
A199,0.13262058794498444,0.71950877,0.7366110623353819,146.1517174,0.7156832774812275
A199,0.18402649462223053,0.9466013,0.7881136950904393,154.6804408,0.5474024768196614
A199,0.19358094036579132,0.9250232,0.7658102766798419,148.1462471,0.609150658226087
A199,0.20760633051395416,0.8831997,0.5958378970427163,112.1120936,0.6888473775284544
A199,0.1572635918855667,0.985425,0.7701809824763,103.7794402,0.6417163489198777
A199,0.17036308348178864,0.82904494,0.6472222222222223,121.769143,0.6906225292347652
A199,0.16736456751823425,0.86873233,0.6715542521994134,120.4372536,0.7689147450444336
A199,0.11830872297286987,0.59392977,0.7450980392156863,123.2153386,0.5584460012365682
A199,0.12269952148199081,0.7485966,0.7433333333333333,119.2358345,0.381144359912326
A199,0.1051199734210968,0.88423157,0.7643020594965675,115.6827991,0.618689866892439
A199,0.17190299928188324,0.9662324,0.6880196523053665,116.2495604,0.9077438954645828
A199,,0.9001277,0.7203947368421053,117.0635081,0.794046381329626
A199,0.1548931896686554,0.74353266,0.7142857142857143,116.2680904,0.4381016249653625
A199,0.18259963393211365,0.9050276,0.7088414634146342,113.0675463,0.7877839995736563
A199,0.10358358174562454,0.696417,0.6915085817524842,118.3043883,0.7113880175132697
A199,,0.91326046,0.7294573643410853,114.5533195,0.66235874969681
A199,0.1030065044760704,0.80871093,0.6868530020703933,116.2347382,0.3884592546907271
A199,0.10916956514120102,0.830004,0.7113507960965588,148.5179346,0.6010791489181707
A199,0.1877545267343521,0.9426454,0.7680555555555556,147.9934828,0.3443491286887661
A199,0.14868474006652832,0.96721435,0.7998575498575499,143.4782011,0.41212744451584366
A199,0.14075665175914764,0.7311975,0.8044354838709677,148.5220624,0.39720897688568474
A199,0.1172318160533905,0.6995785,0.8161764705882353,136.711501,0.4464702607162806
A199,0.15848997235298157,0.8767178,0.7533143939393939,132.564884,0.47428872475756484
A199,0.19375425577163696,0.9672388,0.7012599469496021,134.4449054,0.5763265366149314
A199,0.2035411149263382,0.7885988,0.7795983086680761,135.2461116,0.2856822016305361
A199,0.1388876587152481,0.73122406,0.7799334811529933,126.1585188,0.5120294035667096
A199,0.0983942449092865,0.73410344,0.7531512605042017,127.4155355,0.6427729607437322
A199,0.16349314153194427,0.90982896,0.7708333333333334,105.7300544,0.6857004751184099
A199,0.17659695446491241,0.7878861,0.782716049382716,109.3602057,0.39687138461394744
A199,0.2644955515861511,0.6682335,0.7575757575757576,118.6981124,0.5431915939920603
A199,0.20620529353618622,0.27122045,0.677266255339345,99.16137917,0.580800417051358
A199,0.1418900489807129,0.8125042,0.7558441558441559,162.8707455,0.807726820158312
A199,0.1460058093070984,0.9356731,0.6691979117228287,155.8940034,0.679565723162553
A199,0.164756640791893,0.94659543,0.6451894534660381,148.4674261,0.6173806479177284
A199,0.13654930889606476,0.9070491,0.6181308411214953,146.3786835,0.9196178770804226
A199,,0.89260197,0.7585034013605442,137.8350133,0.6733003315446344
A199,0.1365014761686325,0.93817526,0.7965340179717587,155.5078449,0.5974523963759888
A199,,0.8907153,0.7912262156448203,138.0682038,0.4572580946249915
A199,0.11945968866348267,0.94523764,0.772002772002772,144.6290134,0.36784757400967627
A199,0.15851828455924988,0.8386026,0.7214498510427011,169.5302266,0.7135971145039938
A199,,0.89609265,0.8290289256198347,163.5990874,0.21170083091161288
A199,0.1900370568037033,0.9740988,0.7804621848739496,167.5099963,0.5882927693271772
A199,0.17991779744625092,0.93716174,0.7432065217391305,160.9982163,0.7046051664482075
A199,0.127064049243927,0.971498,0.7086868686868687,156.172634,0.7035543742229944
A199,0.16956022381782532,0.9372713,0.7851851851851852,151.0942726,0.3756804292246916
A199,0.14911200106143951,0.8374386,0.6826923076923077,147.14234,0.5841361882475584
A199,0.12064909189939499,0.94422776,0.689906103286385,156.0907163,0.6796922749306834
A199,0.17351406812667847,0.9559436,0.7014899514899515,155.3592579,0.3011703815070355
A199,0.12590079009532928,0.92681086,0.7424947145877379,155.8013173,0.6217957374431081
A199,0.1681080162525177,0.90595645,0.794425087108014,171.0332773,0.5583284382404928
A199,0.11875326931476593,0.76835716,0.8018433179723502,178.7872574,0.44846801862174096
A199,,0.5543536,0.7900608519269777,175.1207097,0.5328358566430529
A199,0.11706377565860748,0.80535257,0.7746400885935769,163.6317447,0.4104030183035559
A199,0.19522330164909363,0.87498456,0.7589285714285714,169.207858,0.6812518692330969
A199,0.11423603445291519,0.9695698,0.5766447368421053,164.1111273,0.7970550960754097
A199,0.1316102296113968,0.9005395,0.7272727272727273,168.9510703,0.5648462970247384
A199,0.09733080863952637,0.9250601,0.7235294117647059,170.1388139,0.7317339610618154
A199,0.1628904789686203,0.7529182,0.7927083333333333,133.5751308,0.5376675308921519
A199,0.1507331281900406,0.6560244,0.791025641025641,120.6559197,0.4756598179317261
A199,0.16002219915390015,0.9661554,0.6776811594202898,117.5730462,0.6365491430467634
A199,0.1381106972694397,0.92034805,0.8131034482758621,118.5934447,0.5244432012554765
A199,0.2813771665096283,0.86496943,0.7944444444444444,125.0464954,0.34607771210364996
A199,0.11656578630208969,0.8205419,0.6775067750677507,143.571369,0.5202182459594703
A199,0.13783374428749084,0.82637274,0.7166666666666667,145.2846511,0.43892075551136994
A199,0.24425293505191803,0.9071494,0.7800546448087432,148.6256478,0.6771375162871045
A199,0.11035317927598953,0.93309426,0.7780559032123487,132.2331567,0.3834287201588035
A199,0.16419266164302826,0.8402546,0.7631578947368421,148.459266,0.6093324708608575
A199,0.18577124178409576,0.9048412,0.7684615384615384,157.0603028,0.4993059064397492
A199,0.16285507380962372,0.93210775,0.6599326599326599,168.2289877,0.5414960248442572
A199,0.15454459190368652,0.9121027,0.7176538240368028,159.3368181,0.5641130331912808
A199,0.1281721591949463,0.894781,0.765625,127.94802,0.3642605738859969
A199,0.11640311777591705,0.8317737,0.5824074074074074,130.0675913,0.8918197578514548
A199,0.16953115165233612,0.6430459,0.7342995169082126,138.8535859,0.458127292307916
A199,,0.82490736,0.7911330049261084,127.2389023,0.6257566894472246
A199,0.11070625483989716,0.5762459,0.741210938,132.95037,0.4136000416904835
A199,0.13944195210933685,0.9409418,0.7516129032258064,157.7222003,0.45343426460468766
A199,0.13934509456157684,0.92073095,0.7576036866359447,154.4277011,0.5187578287990546
A199,,0.7352572,0.6746031746031746,142.6481987,0.26281282254931615
A199,,0.93960094,0.7751937984496124,141.0220029,0.6613910334743572
A199,0.16866105794906616,0.7819148,0.7517361111111112,143.7177662,0.5238725019847367
A199,0.19477522373199463,0.8824542,0.7451756556160317,140.6441246,0.583085240749835
A199,0.24750101566314697,0.8050295,0.8055555555555556,154.4335376,0.6243373640535644
A199,0.24509760737419128,0.8607869,0.808038808038808,151.0882017,0.3746840621480297
A199,0.2962484657764435,0.8969563,0.7743589743589744,148.2865508,0.26856290155288876
A199,0.11504634469747543,0.81846344,0.7053803339517625,137.9215646,0.2434761771770873
A199,0.21876628696918488,0.8871072,0.8103896103896104,200.1125679,0.6341713159281257
A199,0.21830551326274872,0.25317055,0.7501355013550135,202.5278213,0.5365282479554093
A199,0.11604771018028259,0.94596833,0.7821165817770233,203.3167684,0.6908727027822076
A199,0.1186433807015419,0.87873673,0.7895316804407714,181.3696869,0.5545120539078319
A199,0.14097926020622253,0.8791362,0.6830357142857143,254.7398569,0.5553031538173604
A199,0.13299384713172913,0.9551321,0.7724137931034483,264.1993751,0.5441964414420897
A199,0.11066288501024246,0.9547288,0.7944835045970795,266.2604508,0.24789215858132238
A199,0.11104025691747665,0.94188327,0.7713032581453634,255.0214949,0.44495642617055453
A199,0.08279509842395782,0.6401455,0.6586059743954481,270.309053,0.7226534303856692
A199,0.14367686212062836,0.9141418,0.7881698685540951,181.4095112,0.4030104798138557
A199,,0.958738,0.7878086419753086,182.3192468,0.17707329641441
A199,,0.93566877,0.789039039039039,173.494024,0.35274661348901615
A199,0.1341896951198578,0.7657734,0.7734254992319508,157.1978546,0.707866717168126
A199,0.13817903399467468,0.94653624,0.7689393939393939,91.09528545,0.40399930347042756
A199,0.16402846574783325,0.9165653,0.7705026455026455,107.5543179,0.6675011600003313
A199,0.14101414382457733,0.9668273,0.7446153846153846,88.85603225,0.4480906453887375
A199,0.17110855877399445,0.7687055,0.7475609756097561,135.8192961,0.41438198973328333
A199,0.1811242699623108,0.9551034,0.7560606060606061,135.398981,0.7576839909270372
A199,,0.9763744,0.7254604550379198,139.1785714,0.7080787874660351
A199,0.13587643206119537,0.94644606,0.7323809523809524,140.7807811,0.7535083795094083
A199,0.15660253167152405,0.9149507,0.78125,144.7220826,0.6910744401405157
A199,0.21274609863758087,0.8540538,0.7815934065934066,139.0670938,0.6415268330131213
A199,0.13344378769397736,0.98523074,0.7928118393234672,141.4911133,0.23683067339986733
A199,,0.95722795,0.7976827094474154,141.5377159,0.31972368426767617
A199,0.13769842684268951,0.896653,0.7735457063711911,141.5563541,0.48884198736321965
A199,0.14731702208518982,0.9783671,0.782608695652174,137.3011866,0.20626357619063687
A199,0.14641231298446655,0.96018845,0.7890243902439025,144.3048948,0.3491988654419586
A199,0.12553857266902924,0.7190371,0.7666666666666667,151.4420105,0.2498476915871733
A199,0.13320694863796234,0.91387236,0.7822948328267477,145.7507464,0.6103521267224805
A199,0.1479370892047882,0.93025273,0.7489878542510121,143.7818421,0.22725560236822442
A199,0.14938491582870483,0.98023826,0.7655232305688233,140.9433153,0.3038757038679308
A199,0.1763087660074234,0.89759076,0.7549257759784076,154.3153404,0.653003900466922
A199,0.18446923792362213,0.43179512,0.79004329004329,161.2231475,0.6014143617306527
A199,,0.9212871,0.76,125.5366034,0.5123023482167511
A199,0.14874663949012756,0.9373852,0.7022058823529411,128.3718504,0.39407882293035507
A199,0.12452337890863419,0.89808923,0.7020905923344948,123.1267366,0.5903216322247754
A199,0.1674908548593521,0.9523629,0.7877551020408163,122.5845943,0.47461990928857895
A199,,0.7164418,0.8125,119.6666677,0.3307662862640453
A199,,0.9772507,0.7949074074074074,128.2824796,0.3894623349626391
A199,0.13568057119846344,0.97675145,0.7564229249011858,127.7163205,0.24056285927154994
A199,0.15367059409618378,0.9134751,0.7763285024154589,122.1087926,0.2893402248942226
A199,0.18079021573066711,0.9609865,0.7796709753231492,143.3088189,0.6001249349214072
A199,0.19214504957199097,0.8342262,0.7755102040816326,140.3419849,0.5797330118611468
A199,0.16013872623443604,0.87680316,0.7342047930283224,191.41538,0.5787022461573735
A199,0.1355554461479187,0.9044481,0.7957393483709273,193.0805001,0.4937429363357838
A199,0.13798315823078156,0.7987623,0.7759412304866851,205.1084282,0.32578642550485337
A199,0.17590487003326416,0.98649955,0.7579787234042553,192.5448461,0.6306023571505808
A199,0.14853772521018982,0.9679194,0.741234221598878,173.797955,0.7298377996176592
A199,0.11805699020624161,0.94623667,0.8211111111111111,175.7128809,0.1317482589855893
A199,0.15347495675086975,0.7365442,0.7822822822822822,182.7578086,0.331938295750744
A199,0.16223803162574768,0.98488307,0.7880369329586512,185.6445707,0.4249822596681143
A199,0.12901592254638672,0.9340994,0.6883582089552239,144.192195,0.6186361868005453
A199,0.18709200620651245,0.10016309,0.7745376955903271,145.4694553,0.4941543657611007
A199,0.14751586318016052,0.7789036,0.7679924242424242,147.9625053,0.2983695617146041
A199,0.1506272852420807,0.90414447,0.7052154195011338,151.3050907,0.5819190131220838
A199,0.1814364194869995,0.5382637,0.7987804878048781,133.3473629,0.48767009718288734
A199,0.17159931361675262,0.7785923,0.7841463414634147,132.1373374,0.3025755826750505
A199,0.12510791420936584,0.9238976,0.7755825734549139,158.5535131,0.6621520149251328
A199,0.13938918709754944,0.95544994,0.7743589743589744,140.1482377,0.339194430844369
A199,0.14024651050567627,0.9636092,0.7717948717948718,151.3152122,0.37685220697925276
A199,0.1254820078611374,0.9242781,0.8134674922600619,144.098474,0.45406575718890363
A199,0.1756121665239334,0.92002356,0.7665895061728395,135.6887962,0.5156504044754022
A199,0.15075017511844635,0.87146366,0.7763593380614657,138.8848446,0.3778328527153766
A199,0.1307259202003479,0.9434276,0.7742605085625325,113.3155752,0.5003948406824608
A199,0.17214488983154297,0.9381849,0.7966386554621848,126.4318762,0.2238750555500985
A199,0.15933857858181,0.8082962,0.7204100652376515,112.5628576,0.6178402887587029
A199,0.17349451780319214,0.9642486,0.7722616233254531,140.9717223,0.6563300115095644
A199,0.18267200887203217,0.9343155,0.714749368914533,140.4820321,0.7309457995311385
A199,0.1552310287952423,0.88193005,0.7631975867269984,142.9860874,0.4609327959540489
A199,0.1629994511604309,0.93194413,0.6753246753246753,148.3660447,0.6370570461817457
A199,0.14410308003425598,0.9547094,0.7567073170731707,176.936834,0.5076340732589315
A199,0.14659808576107025,0.8374741,0.7648351648351648,178.5781492,0.6379353368650844
A199,0.16469942033290863,0.8978377,0.7964743589743589,140.5348245,0.4088809235436725
A199,0.1727614849805832,0.9380969,0.789612097304405,132.5423625,0.23638012624285035
A199,0.16486510634422302,0.8979012,0.7428977272727273,125.0474677,0.722105726188849
A199,0.13701829314231873,0.9674901,0.7555786196159834,137.4799565,0.5887907017826826
A199,0.18416516482830048,0.94508016,0.6900201612903226,134.2943318,0.6779209082408005
A199,0.14238241314888,0.962424,0.8052830188679245,138.5705447,0.3964226453205628
A199,0.1618790179491043,0.94056875,0.7553707553707554,139.1476922,0.45754843044624754
A199,0.1507846564054489,0.8811475,0.7845804988662132,143.1999628,0.3424597143351524
A199,0.1790936142206192,0.7121757,0.7196969696969697,146.3878499,0.16529362915163162
A199,0.211973175406456,0.91201544,0.649002849002849,141.3628271,0.543237414598435
A199,0.19574764370918274,0.9671729,0.7802768166089965,140.9576064,0.7305282401243368
A199,0.24315567314624786,0.8685535,0.7547892720306514,145.7074962,0.6016755033453827
A199,0.15527893602848053,0.66836417,0.7038043478260869,148.756036,0.7956664745678229
A199,0.17725756764411926,0.8751924,0.7958333333333333,105.2387762,0.33356840023493817
A199,0.1495281308889389,0.9264642,0.7387566137566137,113.9018958,0.6783250242342236
A199,0.17031052708625793,0.9373386,0.7552836484983315,131.694583,0.584507146887129
A199,,0.79365253,0.8096774193548387,116.127708,0.3420402577267959
A199,0.1780349761247635,0.95708835,0.7646341463414634,126.0743544,0.3277308689182445
A199,0.15080073475837708,0.971117,0.7694497153700189,132.5827092,0.5143283605745602
A199,0.23635119199752808,0.92003566,0.7085459183673469,175.2800858,0.6946933115804076
A199,0.15143781900405884,0.81690115,0.7663956639566396,178.0472961,0.41481577945373216
A199,0.12729568779468536,0.64025724,0.7619825708061002,181.3224058,0.7177902246061298
A199,0.13094347715377808,0.9721212,0.7450257921886514,175.4862374,0.6473565765620725
A199,,0.9708687,0.7203907203907204,167.1575536,0.35506899900814254
A199,0.18420293927192688,0.79586685,0.7472098214285714,160.483183,0.5319333502782873
A199,0.1665341556072235,0.963416,0.7473560517038778,164.1661036,0.5944934561548422
A199,0.22671152651309967,0.7595937,0.7748639287481445,172.081317,0.46910329289770014
A199,,0.97328836,0.7633487145682267,182.5257181,0.5821862895042272
A199,0.15053045749664307,0.8619282,0.7600806451612904,190.7057808,0.3001288361077573
A199,0.1552591323852539,0.80303514,0.7803320561941252,196.5205474,0.4505104921512098
A199,0.1956140100955963,0.8642013,0.7707612456747405,88.52126589,0.3864471065559914
A199,0.1650211215019226,0.84327716,0.7873563218390804,94.50715325,0.24290847835328366
A199,0.16517938673496246,0.93003273,0.7669250645994832,103.377384,0.37786280730134314
A199,0.10952527821063995,0.9298034,0.7791383219954648,114.4162798,0.3685705693355919
A199,0.1303672343492508,0.9343288,0.7705069124423963,114.6702869,0.5069723232872497
A199,0.13939903676509857,0.87143505,0.7065972222222222,118.8068553,0.45196184633213765
A199,,0.90570474,0.811965811965812,111.7551064,0.34438158740011593
A199,,0.92653555,0.7288135593220338,114.2263672,0.7692379334274166
A199,0.14785802364349365,0.97432923,0.76010101010101,133.1122589,0.624974090745686
A199,0.21550144255161285,0.941018,0.7385398981324278,131.6297217,0.6385275109322162
A199,0.12625502049922943,0.73999226,0.7752341311134235,134.0066677,0.5110618938280794
A199,0.2199578881263733,0.8430433,0.7270935960591133,121.2990394,0.6415677130055263
A199,0.1435537189245224,0.9497571,0.747895622895623,126.9640468,0.4132066164158922
A199,0.17705078423023224,0.8620963,0.7700617283950617,132.8075054,0.44749825366329854
A199,0.11639050394296646,0.92841566,0.6572831423895253,116.7803068,0.8419507888188419
A199,0.12384790182113647,0.9288389,0.7248576850094877,131.9878161,0.575423547531617
A199,0.15045447647571564,0.9000629,0.7806267806267806,131.7171573,0.4013764207637615
A199,0.18148380517959595,0.964736,0.5926406926406926,134.587897,0.6997417547979524
A199,0.16796770691871643,0.9486198,0.7552287581699346,130.6371122,0.5703718620867426
A199,0.1523636430501938,0.9040865,0.7967948717948717,101.247816,0.3909572392608317
A199,,0.7195616,0.7932926829268293,103.6929205,0.2695289486721569
A199,0.13328908383846283,0.91977084,0.7095959595959596,142.2245617,0.3202182476829815
A199,0.14337724447250366,0.90179,0.7514390371533228,152.3186378,0.6733920442689171
A199,0.13736487925052643,0.96095353,0.7825077399380805,140.9070145,0.4489489676751804
A199,0.216280996799469,0.972968,0.7579185520361991,171.9040049,0.6790149495945932
A199,0.1842041015625,0.93587327,0.7906008328375966,163.9857326,0.26386982985380014
A199,0.21361613273620605,0.930478,0.7681970884658454,171.9686874,0.5955366979724303
A199,0.18068228662014008,0.94115853,0.7214714714714715,119.2262006,0.5458735152740567
A199,0.1693645864725113,0.4425779,0.7595008508224617,122.7552547,0.5842697816632973
A199,0.17240622639656067,0.9495898,0.7269021739130435,123.1654275,0.6241782802903995
A199,0.16794168949127197,0.9529257,0.7475890985324948,116.8350231,0.5882158229922899
A199,,0.8896369,0.5208845208845209,96.88599415,0.932294124174399
A199,0.1366087645292282,0.9846538,0.7802960222016652,96.12057276,0.4377713545490971
A199,0.17502225935459137,0.942327,0.7988095238095239,104.5227322,0.3743518411357467
A199,0.1306382119655609,0.970137,0.8070175438596491,102.2255218,0.29188807199554195
A199,0.13060063123703003,0.94466376,0.7583850931677019,129.9720428,0.7026524292691203
A199,0.16750548779964447,0.96064216,0.7774725274725275,139.3362901,0.7353444707426597
A199,0.13308976590633392,0.94724643,0.8025415444770283,136.2272663,0.2785827622924456
A199,0.12148640304803848,0.9226247,0.7221362229102167,127.8012855,0.7673869013159096
A199,0.13535918295383453,0.8896029,0.7756410256410257,140.477421,0.4956622465379236
A199,0.18941453099250793,0.96699166,0.7845804988662132,132.7657634,0.5884838377452977
A199,0.15683825314044952,0.9260626,0.7429620563035496,127.0632258,0.6901651003174328
A199,0.165523499250412,0.93632835,0.7820197044334976,121.4575548,0.4184325832247708
A199,0.17960225045681,0.9559808,0.7525510204081632,119.8901519,0.18976572896640356
